tconst	principalCast
tt0000001	nm0005690
tt0000001	nm1588970
tt0000001	nm0374658
tt0000002	nm0721526
tt0000002	nm1335271
tt0000003	nm1335271
tt0000003	nm5442194
tt0000003	nm0721526
tt0000003	nm5442200
tt0000004	nm1335271
tt0000004	nm0721526
tt0000005	nm0443482
tt0000005	nm0005690
tt0000005	nm0653042
tt0000006	nm0005690
tt0000007	nm0179163
tt0000007	nm0374658
tt0000007	nm0183947
tt0000007	nm0005690
tt0000008	nm0005690
tt0000008	nm0374658
tt0000008	nm0653028
tt0000009	nm0085156
tt0000009	nm0063086
tt0000009	nm1309758
tt0000009	nm0183823
tt0000010	nm0525910
tt0000011	nm3692297
tt0000011	nm0804434
tt0000012	nm0525910
tt0000012	nm0525908
tt0000013	nm1715062
tt0000013	nm0525908
tt0000013	nm0525910
tt0000014	nm0525910
tt0000014	nm0166380
tt0000014	nm0244989
tt0000015	nm0721526
tt0000016	nm0525910
tt0000017	nm1587194
tt0000017	nm3692829
tt0000017	nm0804434
tt0000017	nm3691272
tt0000018	nm0804434
tt0000018	nm3692071
tt0000019	nm0932055
tt0000020	nm0666972
tt0000020	nm0010291
tt0000022	nm0525910
tt0000023	nm0525910
tt0000024	nm0435118
tt0000024	nm0010291
tt0000024	nm0666972
tt0000024	nm0256651
tt0000025	nm0010291
tt0000025	nm0666972
tt0000026	nm2354154
tt0000026	nm2350007
tt0000026	nm0525907
tt0000026	nm1151424
tt0000026	nm0525910
tt0000027	nm0525910
tt0000028	nm0525910
tt0000029	nm0525910
tt0000029	nm2350838
tt0000029	nm0525900
tt0000029	nm0525908
tt0000030	nm0666972
tt0000030	nm0010291
tt0000031	nm0525910
tt0000032	nm3692479
tt0000032	nm0804434
tt0000033	nm0525910
tt0000034	nm0617588
tt0000035	nm0617588
tt0000036	nm0005658
tt0000036	nm0005690
tt0000036	nm0410331
tt0000036	nm0420198
tt0000037	nm0617588
tt0000038	nm0340719
tt0000038	nm2958402
tt0000038	nm2960633
tt0000038	nm0374658
tt0000039	nm0666972
tt0000040	nm0617588
tt0000041	nm0525910
tt0000041	nm0525908
tt0000042	nm0617588
tt0000043	nm0617588
tt0000044	nm0617588
tt0000045	nm0617588
tt0000046	nm0617588
tt0000047	nm0617588
tt0000048	nm0010291
tt0000049	nm0010291
tt0000050	nm0617588
tt0000051	nm0617588
tt0000052	nm0895515
tt0000052	nm1729239
tt0000053	nm0684607
tt0000054	nm0617588
tt0000055	nm0617588
tt0000056	nm0795060
tt0000057	nm0617588
tt0000058	nm0617588
tt0000059	nm0617588
tt0000060	nm0005690
tt0000060	nm0005658
tt0000061	nm0010291
tt0000061	nm4007970
tt0000061	nm0666972
tt0000062	nm0617588
tt0000063	nm0617588
tt0000064	nm0617588
tt0000065	nm0617588
tt0000066	nm0617588
tt0000067	nm0617588
tt0000068	nm0617588
tt0000069	nm0617588
tt0000070	nm0525908
tt0000070	nm0525910
tt0000071	nm0617588
tt0000072	nm0617588
tt0000073	nm0617588
tt0000074	nm0617588
tt0000075	nm0617588
tt0000075	nm0194945
tt0000076	nm0005690
tt0000076	nm0005658
tt0000076	nm0420198
tt0000076	nm0410331
tt0000077	nm0617588
tt0000078	nm0234288
tt0000079	nm0617588
tt0000080	nm0617588
tt0000081	nm0617588
tt0000082	nm0005658
tt0000082	nm0005690
tt0000083	nm0617588
tt0000084	nm0617588
tt0000085	nm0617588
tt0000086	nm0617588
tt0000087	nm0617588
tt0000088	nm0617588
tt0000089	nm0698645
tt0000089	nm0525910
tt0000089	nm0525908
tt0000090	nm0617588
tt0000091	nm0194945
tt0000091	nm6170115
tt0000091	nm0617588
tt0000092	nm0617588
tt0000093	nm0525910
tt0000093	nm0525908
tt0000094	nm0617588
tt0000095	nm0617588
tt0000096	nm0617588
tt0000097	nm0617588
tt0000098	nm0617588
tt0000099	nm0617588
tt0000100	nm0617588
tt0000101	nm0617588
tt0000102	nm0617588
tt0000103	nm0617588
tt0000104	nm0525910
tt0000105	nm0617588
tt0000106	nm0617588
tt0000107	nm0617588
tt0000108	nm0005658
tt0000108	nm0410331
tt0000108	nm0420198
tt0000108	nm0005690
tt0000109	nm0005690
tt0000109	nm0005658
tt0000109	nm0410331
tt0000109	nm0420198
tt0000110	nm0420198
tt0000110	nm0005658
tt0000110	nm0410331
tt0000110	nm0005690
tt0000111	nm0420198
tt0000111	nm0005658
tt0000111	nm0410331
tt0000111	nm0005690
tt0000112	nm0005658
tt0000112	nm0410331
tt0000112	nm0005690
tt0000112	nm0420198
tt0000113	nm0410331
tt0000113	nm0005690
tt0000113	nm0420198
tt0000113	nm0005658
tt0000114	nm0617588
tt0000115	nm0617588
tt0000116	nm0617588
tt0000117	nm0234288
tt0000118	nm0617588
tt0000119	nm0617588
tt0000120	nm0617588
tt0000121	nm0666972
tt0000121	nm0832461
tt0000121	nm0780534
tt0000121	nm5718242
tt0000121	nm0609678
tt0000122	nm0617588
tt0000123	nm0617588
tt0000124	nm0617588
tt0000125	nm0666972
tt0000126	nm0617588
tt0000127	nm0617588
tt0000128	nm0617588
tt0000129	nm0617588
tt0000130	nm0617588
tt0000131	nm0617588
tt0000132	nm0617588
tt0000132	nm0577734
tt0000132	nm3029234
tt0000133	nm0617588
tt0000135	nm0005658
tt0000135	nm0005690
tt0000136	nm0349785
tt0000137	nm0349785
tt0000138	nm0617588
tt0000139	nm0349785
tt0000140	nm0349785
tt0000141	nm0349785
tt0000142	nm0924920
tt0000142	nm0374658
tt0000142	nm0168621
tt0000143	nm0349785
tt0000144	nm0349785
tt0000145	nm0349785
tt0000146	nm0349785
tt0000147	nm4082222
tt0000147	nm2256592
tt0000147	nm0103755
tt0000147	nm0280615
tt0000147	nm0714557
tt0000147	nm0179163
tt0000147	nm4081458
tt0000148	nm0349785
tt0000149	nm0617588
tt0000150	nm0349785
tt0000151	nm0194945
tt0000151	nm0617588
tt0000152	nm0617588
tt0000153	nm0808310
tt0000154	nm0010291
tt0000155	nm0617588
tt0000156	nm0617588
tt0000157	nm0349785
tt0000158	nm0349785
tt0000159	nm0617588
tt0000160	nm0666972
tt0000160	nm0095816
tt0000161	nm0349785
tt0000162	nm0525910
tt0000162	nm0698645
tt0000163	nm0349785
tt0000164	nm0349785
tt0000165	nm0024876
tt0000165	nm0278321
tt0000165	nm0556371
tt0000165	nm0083196
tt0000165	nm0563758
tt0000165	nm0005717
tt0000166	nm0005717
tt0000167	nm0422809
tt0000168	nm0005717
tt0000169	nm0677318
tt0000169	nm0698645
tt0000170	nm0666972
tt0000171	nm0349785
tt0000172	nm0808310
tt0000172	nm0809419
tt0000172	nm0338379
tt0000173	nm0085865
tt0000174	nm1024447
tt0000174	nm0841389
tt0000174	nm0471818
tt0000175	nm0795060
tt0000175	nm0666972
tt0000176	nm0666972
tt0000177	nm0807236
tt0000177	nm0085865
tt0000178	nm0692105
tt0000179	nm0617588
tt0000180	nm0349785
tt0000181	nm0808310
tt0000181	nm0809419
tt0000181	nm0674518
tt0000182	nm0666972
tt0000183	nm0241416
tt0000183	nm0808310
tt0000184	nm0924920
tt0000185	nm0349785
tt0000186	nm0617588
tt0000187	nm0349785
tt0000188	nm0666972
tt0000189	nm0005717
tt0000190	nm1024447
tt0000190	nm0471818
tt0000190	nm0841389
tt0000191	nm0349785
tt0000192	nm0518132
tt0000192	nm0374658
tt0000192	nm0924920
tt0000192	nm0238900
tt0000193	nm0349785
tt0000194	nm0378408
tt0000195	nm0349785
tt0000196	nm0808310
tt0000196	nm0324473
tt0000197	nm0349785
tt0000198	nm0349785
tt0000199	nm0666972
tt0000200	nm1380868
tt0000201	nm0005690
tt0000201	nm0168621
tt0000202	nm0349785
tt0000203	nm0349785
tt0000204	nm0349785
tt0000205	nm0349785
tt0000206	nm0005717
tt0000207	nm0666972
tt0000208	nm0808310
tt0000209	nm0808310
tt0000210	nm0617588
tt0000211	nm0194945
tt0000211	nm0617588
tt0000212	nm0795060
tt0000213	nm0349785
tt0000214	nm0085865
tt0000214	nm0807236
tt0000215	nm0471818
tt0000215	nm0841389
tt0000216	nm0454367
tt0000216	nm0005717
tt0000216	nm1997201
tt0000217	nm0808310
tt0000218	nm0617588
tt0000219	nm0808310
tt0000220	nm0666972
tt0000221	nm0182052
tt0000222	nm0349785
tt0000223	nm0349785
tt0000224	nm0666972
tt0000225	nm0207305
tt0000226	nm0378408
tt0000227	nm0666972
tt0000227	nm4427898
tt0000228	nm0349785
tt0000229	nm0857203
tt0000229	nm0595213
tt0000229	nm0924920
tt0000230	nm0617588
tt0000230	nm1778292
tt0000230	nm1333156
tt0000230	nm0076933
tt0000230	nm0194945
tt0000230	nm0674518
tt0000230	nm1778224
tt0000231	nm0666972
tt0000231	nm0795060
tt0000232	nm0349785
tt0000233	nm0005717
tt0000234	nm0617588
tt0000234	nm0194945
tt0000235	nm0194945
tt0000235	nm0353584
tt0000235	nm0617588
tt0000236	nm0349785
tt0000237	nm0349785
tt0000238	nm0349785
tt0000239	nm0349785
tt0000240	nm0555522
tt0000240	nm0005658
tt0000241	nm0349785
tt0000242	nm0617588
tt0000243	nm0349785
tt0000244	nm0349785
tt0000245	nm0002615
tt0000246	nm0617588
tt0000247	nm0000636
tt0000247	nm2156608
tt0000247	nm0002504
tt0000247	nm0005690
tt0000247	nm6010696
tt0000247	nm6114857
tt0000247	nm0924893
tt0000247	nm2259742
tt0000247	nm0784327
tt0000248	nm0809419
tt0000248	nm0808310
tt0000249	nm0808310
tt0000250	nm0005717
tt0000251	nm0177862
tt0000252	nm0349785
tt0000253	nm0095816
tt0000253	nm0666972
tt0000254	nm0349785
tt0000255	nm0349785
tt0000256	nm0005658
tt0000257	nm0349785
tt0000258	nm0349785
tt0000259	nm0349785
tt0000260	nm0349785
tt0000261	nm0617588
tt0000262	nm0349785
tt0000264	nm0617588
tt0000265	nm0035502
tt0000265	nm0335788
tt0000266	nm0035502
tt0000267	nm0349785
tt0000268	nm0349785
tt0000269	nm0666972
tt0000270	nm0349785
tt0000271	nm0349785
tt0000272	nm0808310
tt0000273	nm1895457
tt0000273	nm0932055
tt0000273	nm1894886
tt0000273	nm1040375
tt0000274	nm0349785
tt0000275	nm0349785
tt0000276	nm0349785
tt0000277	nm0349785
tt0000278	nm0168621
tt0000279	nm0555522
tt0000279	nm0168621
tt0000280	nm0168621
tt0000280	nm0555522
tt0000281	nm0035502
tt0000281	nm0168621
tt0000282	nm0349785
tt0000283	nm0349785
tt0000284	nm0349785
tt0000285	nm0095816
tt0000285	nm0666972
tt0000286	nm0349785
tt0000287	nm0807236
tt0000287	nm0085865
tt0000288	nm0349785
tt0000289	nm0349785
tt0000290	nm0349785
tt0000291	nm0349785
tt0000292	nm0349785
tt0000293	nm0349785
tt0000294	nm0349785
tt0000295	nm0349785
tt0000296	nm0349785
tt0000297	nm0349785
tt0000298	nm0349785
tt0000299	nm0349785
tt0000300	nm0807236
tt0000300	nm0085865
tt0000301	nm0692105
tt0000301	nm0324473
tt0000302	nm0349785
tt0000303	nm0349785
tt0000304	nm2940072
tt0000304	nm0808310
tt0000305	nm0349785
tt0000305	nm0112631
tt0000306	nm0000636
tt0000306	nm0076800
tt0000306	nm1267013
tt0000306	nm0536252
tt0000306	nm0561109
tt0000306	nm5670483
tt0000307	nm1112850
tt0000307	nm0085865
tt0000308	nm2940072
tt0000308	nm0808310
tt0000308	nm2940350
tt0000309	nm0378408
tt0000309	nm0164281
tt0000310	nm0151209
tt0000310	nm0335788
tt0000310	nm0035502
tt0000312	nm0349785
tt0000313	nm0809419
tt0000313	nm0808310
tt0000313	nm0338379
tt0000314	nm0349785
tt0000315	nm0349785
tt0000316	nm0349785
tt0000317	nm0349785
tt0000318	nm0804434
tt0000318	nm0804433
tt0000319	nm0793094
tt0000319	nm1272675
tt0000319	nm1272063
tt0000320	nm0349785
tt0000321	nm0692105
tt0000322	nm0005717
tt0000323	nm0349785
tt0000324	nm0349785
tt0000325	nm0349785
tt0000325	nm0112631
tt0000326	nm0349785
tt0000326	nm0112631
tt0000327	nm0349785
tt0000328	nm0349785
tt0000329	nm0349785
tt0000330	nm0349785
tt0000331	nm0349785
tt0000332	nm0349785
tt0000333	nm0349785
tt0000334	nm0349785
tt0000335	nm0675260
tt0000335	nm1011210
tt0000335	nm0095714
tt0000335	nm0675140
tt0000335	nm1012612
tt0000335	nm1012621
tt0000335	nm0675239
tt0000335	nm1010955
tt0000336	nm0349785
tt0000337	nm0525910
tt0000338	nm0349785
tt0000339	nm0349785
tt0000340	nm0692105
tt0000340	nm0542567
tt0000341	nm0692105
tt0000341	nm0542567
tt0000342	nm0349785
tt0000343	nm0349785
tt0000344	nm0349785
tt0000345	nm0349785
tt0000346	nm0692105
tt0000347	nm0168621
tt0000347	nm0035502
tt0000348	nm0349785
tt0000349	nm0095816
tt0000349	nm0666972
tt0000350	nm0666972
tt0000351	nm0815907
tt0000351	nm0349785
tt0000351	nm0462306
tt0000352	nm0692105
tt0000353	nm0692105
tt0000354	nm0182052
tt0000355	nm0932055
tt0000356	nm0349785
tt0000357	nm0095816
tt0000357	nm0666972
tt0000358	nm0509806
tt0000358	nm1778194
tt0000358	nm0954087
tt0000359	nm0617588
tt0000360	nm0462306
tt0000360	nm0815907
tt0000360	nm0349785
tt0000361	nm0349785
tt0000362	nm0349785
tt0000363	nm0666972
tt0000363	nm0095816
tt0000364	nm0692105
tt0000364	nm0924920
tt0000365	nm0182052
tt0000366	nm0182052
tt0000367	nm0349785
tt0000368	nm0617588
tt0000368	nm1089829
tt0000368	nm0674518
tt0000369	nm0005717
tt0000370	nm8709803
tt0000370	nm0666972
tt0000370	nm0002042
tt0000370	nm0095816
tt0000371	nm0349785
tt0000372	nm0349785
tt0000373	nm0954087
tt0000374	nm0349785
tt0000375	nm0182052
tt0000376	nm0617272
tt0000376	nm0632577
tt0000376	nm0631776
tt0000376	nm0466448
tt0000376	nm0051042
tt0000376	nm0958169
tt0000376	nm0449435
tt0000376	nm0086082
tt0000376	nm0670740
tt0000376	nm0078562
tt0000377	nm0666972
tt0000377	nm0095816
tt0000378	nm0349785
tt0000378	nm0815907
tt0000378	nm0462306
tt0000379	nm0005717
tt0000380	nm0954087
tt0000380	nm0674518
tt0000380	nm0634629
tt0000381	nm0002615
tt0000381	nm0168621
tt0000382	nm0005717
tt0000383	nm0005717
tt0000384	nm0349785
tt0000385	nm0349785
tt0000386	nm0349785
tt0000387	nm0881616
tt0000387	nm0617588
tt0000388	nm0260089
tt0000388	nm0349785
tt0000389	nm0349785
tt0000390	nm0349785
tt0000391	nm0349785
tt0000392	nm0666972
tt0000392	nm0095816
tt0000393	nm0349785
tt0000394	nm0349785
tt0000395	nm0349785
tt0000396	nm0349785
tt0000397	nm0349785
tt0000398	nm0349785
tt0000399	nm0925513
tt0000399	nm0692105
tt0000399	nm2092030
tt0000400	nm0349785
tt0000401	nm0349785
tt0000402	nm0808310
tt0000402	nm0338379
tt0000403	nm0349785
tt0000404	nm0349785
tt0000405	nm0349785
tt0000406	nm0035502
tt0000407	nm0005717
tt0000408	nm0349785
tt0000409	nm0349785
tt0000409	nm4906549
tt0000409	nm4905952
tt0000410	nm0035502
tt0000411	nm0349785
tt0000412	nm0555522
tt0000413	nm0617588
tt0000414	nm0542567
tt0000414	nm0692105
tt0000415	nm0349785
tt0000416	nm0957652
tt0000416	nm0954087
tt0000417	nm0029244
tt0000417	nm0242155
tt0000417	nm0920229
tt0000417	nm0076933
tt0000417	nm0324073
tt0000417	nm0617588
tt0000417	nm4491570
tt0000417	nm1215996
tt0000417	nm0894523
tt0000418	nm0353576
tt0000419	nm0349785
tt0000420	nm0378408
tt0000420	nm0140902
tt0000420	nm0832948
tt0000420	nm0265714
tt0000420	nm1012587
tt0000420	nm0164281
tt0000421	nm0349785
tt0000421	nm0954087
tt0000422	nm0349785
tt0000422	nm0954087
tt0000423	nm0617588
tt0000424	nm0349785
tt0000425	nm0168621
tt0000425	nm0783152
tt0000426	nm0168621
tt0000426	nm0002615
tt0000427	nm0349785
tt0000428	nm0005717
tt0000429	nm0349785
tt0000430	nm0666972
tt0000431	nm0349785
tt0000432	nm0349785
tt0000432	nm0954087
tt0000433	nm0349785
tt0000434	nm2940350
tt0000434	nm0808310
tt0000435	nm0349785
tt0000436	nm0095816
tt0000436	nm0666972
tt0000437	nm0349785
tt0000438	nm0349785
tt0000439	nm0692105
tt0000439	nm0131750
tt0000439	nm0807466
tt0000439	nm0001908
tt0000439	nm0055661
tt0000439	nm1145809
tt0000439	nm2313241
tt0000439	nm0302368
tt0000439	nm0055607
tt0000439	nm0007625
tt0000440	nm0617588
tt0000441	nm0842605
tt0000441	nm0159015
tt0000442	nm1856940
tt0000442	nm1854449
tt0000442	nm1857036
tt0000442	nm0622273
tt0000442	nm0253298
tt0000443	nm3887135
tt0000443	nm0519303
tt0000443	nm0742777
tt0000444	nm0349785
tt0000444	nm0954087
tt0000445	nm0349785
tt0000446	nm0567363
tt0000447	nm0692105
tt0000447	nm0924920
tt0000447	nm2092030
tt0000447	nm0924475
tt0000447	nm0891119
tt0000448	nm0349785
tt0000449	nm0349785
tt0000450	nm0349785
tt0000451	nm0809419
tt0000451	nm0808310
tt0000452	nm0692105
tt0000452	nm0001908
tt0000453	nm0349785
tt0000454	nm0349785
tt0000455	nm0617588
tt0000456	nm0005658
tt0000457	nm0349785
tt0000458	nm0349785
tt0000459	nm0692105
tt0000460	nm0567363
tt0000461	nm0349785
tt0000462	nm0349785
tt0000463	nm0005717
tt0000464	nm0420198
tt0000464	nm0005690
tt0000464	nm0099105
tt0000464	nm0410331
tt0000465	nm0076933
tt0000465	nm2511888
tt0000465	nm0617588
tt0000466	nm0349785
tt0000467	nm0349785
tt0000468	nm0349785
tt0000469	nm0808310
tt0000470	nm0349785
tt0000471	nm0832952
tt0000471	nm0692105
tt0000472	nm0832952
tt0000472	nm0002615
tt0000473	nm0349785
tt0000474	nm0349785
tt0000475	nm3345408
tt0000475	nm0095816
tt0000475	nm0666972
tt0000476	nm0349785
tt0000477	nm1597962
tt0000477	nm5121267
tt0000477	nm5121475
tt0000477	nm0349785
tt0000478	nm0172118
tt0000479	nm0666972
tt0000480	nm0617588
tt0000481	nm0666972
tt0000482	nm0349785
tt0000483	nm0349785
tt0000484	nm0349785
tt0000485	nm0349785
tt0000486	nm0085865
tt0000486	nm0085870
tt0000486	nm0659947
tt0000486	nm0069325
tt0000486	nm1173635
tt0000486	nm0850483
tt0000487	nm0002615
tt0000487	nm0292418
tt0000487	nm0523899
tt0000488	nm1096358
tt0000488	nm0794919
tt0000488	nm0250480
tt0000488	nm0789748
tt0000488	nm0588295
tt0000488	nm0259860
tt0000488	nm0422465
tt0000488	nm0298300
tt0000488	nm0177886
tt0000488	nm0065035
tt0000489	nm0349785
tt0000490	nm0349785
tt0000491	nm0005658
tt0000492	nm0567363
tt0000492	nm0005658
tt0000493	nm0349785
tt0000494	nm0349785
tt0000495	nm0954087
tt0000495	nm0159015
tt0000496	nm0692105
tt0000496	nm0007625
tt0000498	nm1012587
tt0000498	nm0809910
tt0000498	nm1428608
tt0000498	nm0378408
tt0000498	nm0280432
tt0000498	nm1539443
tt0000498	nm0164281
tt0000498	nm0378407
tt0000499	nm0617588
tt0000499	nm0257866
tt0000499	nm0894523
tt0000499	nm8706003
tt0000499	nm0194945
tt0000499	nm0016317
tt0000500	nm0005658
tt0000501	nm0001908
tt0000501	nm0236279
tt0000501	nm0085865
tt0000501	nm0509478
tt0000501	nm1173635
tt0000501	nm0792727
tt0000502	nm0657268
tt0000502	nm0675388
tt0000502	nm0063413
tt0000502	nm0252720
tt0000502	nm0215752
tt0000503	nm0185426
tt0000504	nm0185426
tt0000505	nm0340020
tt0000505	nm0537222
tt0000505	nm1563072
tt0000505	nm0381874
tt0000505	nm0214243
tt0000505	nm0097918
tt0000506	nm0353576
tt0000507	nm0005658
tt0000508	nm0185426
tt0000509	nm0159015
tt0000509	nm1563072
tt0000509	nm0214243
tt0000509	nm0381874
tt0000510	nm0063413
tt0000511	nm0419327
tt0000511	nm0094975
tt0000511	nm0349785
tt0000511	nm0579494
tt0000511	nm0401076
tt0000511	nm0903455
tt0000511	nm0065393
tt0000512	nm0005658
tt0000513	nm0185426
tt0000514	nm0684029
tt0000514	nm0602663
tt0000514	nm0813578
tt0000514	nm0896066
tt0000514	nm0005717
tt0000514	nm0899837
tt0000514	nm0661362
tt0000514	nm0016071
tt0000514	nm0722712
tt0000515	nm0159015
tt0000516	nm0159015
tt0000516	nm0558863
tt0000517	nm0063413
tt0000518	nm0159015
tt0000518	nm0140054
tt0000519	nm1215402
tt0000519	nm0250983
tt0000519	nm1670497
tt0000519	nm1670913
tt0000519	nm0728289
tt0000519	nm1671089
tt0000519	nm0183817
tt0000519	nm0692105
tt0000520	nm0353576
tt0000520	nm4749111
tt0000520	nm2329855
tt0000520	nm2485827
tt0000520	nm2326707
tt0000520	nm0353575
tt0000520	nm2331275
tt0000520	nm2329944
tt0000520	nm2332493
tt0000521	nm0692105
tt0000522	nm0005658
tt0000523	nm0005658
tt0000524	nm0005658
tt0000525	nm0595321
tt0000525	nm0014656
tt0000525	nm0357890
tt0000525	nm0243796
tt0000525	nm0719480
tt0000525	nm0196787
tt0000525	nm0358349
tt0000526	nm0005658
tt0000527	nm0185426
tt0000528	nm0734207
tt0000528	nm0792727
tt0000528	nm0085870
tt0000528	nm0001908
tt0000528	nm0696078
tt0000528	nm0395216
tt0000528	nm0807235
tt0000529	nm0005658
tt0000530	nm0159015
tt0000531	nm0140054
tt0000531	nm0159015
tt0000532	nm0185426
tt0000533	nm0783152
tt0000534	nm0666972
tt0000534	nm0095816
tt0000535	nm0422149
tt0000535	nm0333175
tt0000535	nm0470250
tt0000535	nm0488932
tt0000536	nm0691996
tt0000536	nm0582268
tt0000536	nm0691995
tt0000536	nm6758605
tt0000537	nm0005658
tt0000538	nm0005717
tt0000539	nm0647763
tt0000541	nm0676941
tt0000541	nm0023121
tt0000541	nm0084830
tt0000541	nm0630737
tt0000541	nm0488932
tt0000541	nm0422149
tt0000542	nm0896066
tt0000542	nm1050849
tt0000542	nm0005717
tt0000542	nm0261789
tt0000542	nm0602663
tt0000543	nm0333175
tt0000543	nm0647763
tt0000543	nm0084830
tt0000544	nm0666972
tt0000544	nm1210247
tt0000545	nm0005658
tt0000546	nm0567363
tt0000546	nm0106151
tt0000546	nm0565560
tt0000546	nm0692105
tt0000547	nm0005717
tt0000548	nm0488932
tt0000548	nm0526168
tt0000548	nm0333175
tt0000548	nm0647763
tt0000548	nm0422149
tt0000549	nm0333175
tt0000549	nm0488932
tt0000549	nm0676941
tt0000550	nm0647763
tt0000550	nm0454375
tt0000550	nm0084830
tt0000550	nm1678676
tt0000552	nm0095816
tt0000552	nm0666972
tt0000553	nm0710362
tt0000553	nm0659947
tt0000553	nm0085865
tt0000554	nm0085865
tt0000555	nm0421454
tt0000555	nm0488932
tt0000555	nm0526168
tt0000555	nm0470250
tt0000555	nm0333175
tt0000555	nm0630737
tt0000556	nm0422149
tt0000556	nm0676941
tt0000556	nm0647763
tt0000556	nm0488932
tt0000557	nm0166633
tt0000557	nm1670010
tt0000557	nm0692105
tt0000557	nm1675211
tt0000557	nm1669846
tt0000557	nm1670421
tt0000557	nm0601940
tt0000557	nm1669708
tt0000557	nm2004235
tt0000557	nm2014119
tt0000558	nm0005717
tt0000559	nm0084830
tt0000559	nm0380965
tt0000559	nm0354726
tt0000559	nm4824625
tt0000560	nm0005717
tt0000561	nm0692105
tt0000564	nm0085865
tt0000564	nm0002042
tt0000565	nm0692105
tt0000565	nm0601061
tt0000566	nm0084830
tt0000566	nm1845806
tt0000566	nm4824599
tt0000566	nm0380965
tt0000566	nm0354726
tt0000566	nm4824625
tt0000566	nm0488932
tt0000567	nm0617588
tt0000569	nm0333175
tt0000569	nm0488932
tt0000570	nm0005658
tt0000571	nm0085865
tt0000572	nm0063413
tt0000573	nm0676941
tt0000573	nm0526168
tt0000573	nm0333175
tt0000573	nm0488932
tt0000574	nm0846911
tt0000574	nm0846879
tt0000574	nm0170118
tt0000574	nm0846894
tt0000574	nm0317210
tt0000574	nm0675239
tt0000574	nm0846887
tt0000574	nm2421834
tt0000574	nm0425854
tt0000574	nm3002376
tt0000575	nm0617588
tt0000575	nm0894523
tt0000576	nm0159015
tt0000576	nm0665572
tt0000577	nm0333175
tt0000577	nm0526168
tt0000577	nm0488932
tt0000578	nm0001908
tt0000578	nm0878035
tt0000579	nm0001908
tt0000580	nm0180860
tt0000580	nm3763070
tt0000581	nm0092290
tt0000582	nm0604384
tt0000582	nm0310155
tt0000582	nm0646058
tt0000582	nm0745457
tt0000582	nm0366586
tt0000582	nm0908753
tt0000582	nm0741382
tt0000583	nm5216764
tt0000583	nm0676941
tt0000583	nm0647719
tt0000583	nm0333175
tt0000583	nm0241414
tt0000583	nm0526168
tt0000583	nm0022607
tt0000583	nm0470250
tt0000583	nm0022608
tt0000583	nm0488932
tt0000584	nm0191133
tt0000584	nm0305591
tt0000584	nm0400103
tt0000585	nm0005717
tt0000586	nm0878494
tt0000586	nm0085865
tt0000587	nm0078116
tt0000588	nm0676941
tt0000588	nm0526168
tt0000588	nm2718103
tt0000588	nm0623866
tt0000588	nm0333175
tt0000588	nm0488932
tt0000588	nm0421454
tt0000590	nm0567363
tt0000590	nm0005658
tt0000590	nm0366008
tt0000590	nm0642722
tt0000591	nm1759558
tt0000591	nm0906197
tt0000591	nm0141150
tt0000591	nm0332182
tt0000591	nm1323543
tt0000592	nm0180492
tt0000592	nm0180466
tt0000593	nm0005717
tt0000594	nm0623866
tt0000594	nm1834127
tt0000594	nm2160063
tt0000594	nm0333175
tt0000594	nm0526168
tt0000594	nm0488932
tt0000595	nm0333175
tt0000595	nm0727622
tt0000595	nm0488932
tt0000595	nm0676941
tt0000595	nm0526168
tt0000595	nm0623866
tt0000596	nm0488932
tt0000596	nm0022608
tt0000596	nm0526168
tt0000596	nm0814379
tt0000596	nm2160063
tt0000596	nm0676941
tt0000596	nm0333175
tt0000597	nm0954087
tt0000597	nm0159015
tt0000598	nm0617588
tt0000598	nm0000636
tt0000599	nm0333175
tt0000599	nm0647763
tt0000599	nm0488932
tt0000601	nm0003471
tt0000601	nm0691995
tt0000601	nm1917268
tt0000601	nm0582268
tt0000601	nm0691994
tt0000602	nm0647763
tt0000602	nm0630737
tt0000602	nm0488932
tt0000602	nm4572288
tt0000602	nm0525876
tt0000602	nm0333175
tt0000603	nm0085865
tt0000604	nm0333175
tt0000604	nm0488932
tt0000605	nm0333175
tt0000605	nm1003261
tt0000605	nm0676941
tt0000606	nm0642722
tt0000606	nm0038106
tt0000606	nm0366008
tt0000606	nm0555522
tt0000606	nm0005658
tt0000607	nm0944584
tt0000607	nm0194088
tt0000607	nm0422930
tt0000608	nm0380965
tt0000608	nm0488932
tt0000608	nm0333175
tt0000609	nm1135106
tt0000609	nm0000636
tt0000609	nm0215516
tt0000609	nm0143332
tt0000609	nm0143333
tt0000609	nm0624446
tt0000609	nm0892614
tt0000610	nm0582268
tt0000610	nm0691994
tt0000610	nm0691995
tt0000610	nm0691996
tt0000610	nm0000636
tt0000611	nm0366609
tt0000611	nm0764346
tt0000611	nm0783152
tt0000611	nm0091767
tt0000611	nm0189000
tt0000611	nm0098376
tt0000611	nm0599781
tt0000611	nm1320386
tt0000611	nm0502752
tt0000611	nm0011370
tt0000612	nm0005717
tt0000613	nm1729031
tt0000613	nm0274368
tt0000613	nm1726962
tt0000613	nm1209346
tt0000613	nm0180860
tt0000613	nm0272889
tt0000613	nm1728086
tt0000613	nm0495051
tt0000614	nm0159015
tt0000614	nm0954087
tt0000615	nm0218953
tt0000615	nm3071427
tt0000615	nm0581353
tt0000615	nm0888988
tt0000615	nm0240418
tt0000615	nm0533958
tt0000615	nm0092809
tt0000615	nm0167619
tt0000615	nm0346387
tt0000616	nm0005717
tt0000617	nm0623866
tt0000617	nm0470250
tt0000617	nm0488932
tt0000617	nm0333175
tt0000617	nm0022608
tt0000617	nm0676941
tt0000617	nm0630737
tt0000618	nm0453315
tt0000618	nm0712213
tt0000618	nm0882755
tt0000618	nm0511544
tt0000618	nm0836650
tt0000618	nm0700930
tt0000618	nm0706854
tt0000618	nm0817086
tt0000618	nm0257788
tt0000619	nm0229900
tt0000620	nm0488932
tt0000620	nm0333175
tt0000621	nm2140812
tt0000621	nm0693275
tt0000621	nm0280432
tt0000622	nm0347320
tt0000622	nm0347565
tt0000622	nm0347571
tt0000622	nm0005717
tt0000622	nm0059578
tt0000622	nm0194088
tt0000622	nm0422930
tt0000622	nm0520648
tt0000623	nm0333175
tt0000623	nm0488932
tt0000624	nm0298301
tt0000625	nm0005717
tt0000626	nm0005658
tt0000626	nm0642722
tt0000627	nm0813603
tt0000627	nm0226992
tt0000627	nm0567363
tt0000627	nm0000428
tt0000627	nm0005658
tt0000627	nm0642722
tt0000628	nm0000428
tt0000628	nm0250676
tt0000628	nm0409390
tt0000628	nm0853193
tt0000628	nm1265835
tt0000628	nm0555522
tt0000628	nm0424530
tt0000628	nm0005658
tt0000628	nm0038106
tt0000629	nm0005658
tt0000629	nm0813603
tt0000629	nm0855139
tt0000629	nm0038106
tt0000629	nm0250676
tt0000629	nm0555522
tt0000629	nm0000428
tt0000629	nm0492757
tt0000629	nm0940604
tt0000629	nm0409390
tt0000630	nm0143333
tt0000630	nm0624446
tt0000630	nm0000636
tt0000630	nm0209738
tt0000631	nm0173774
tt0000631	nm0000636
tt0000632	nm0592634
tt0000632	nm0651029
tt0000632	nm0900293
tt0000632	nm0038260
tt0000632	nm0005717
tt0000632	nm0140054
tt0000632	nm0802955
tt0000632	nm0582380
tt0000632	nm0346090
tt0000633	nm0294276
tt0000634	nm0659947
tt0000634	nm0448682
tt0000634	nm0000636
tt0000634	nm0007221
tt0000634	nm0085865
tt0000634	nm0492757
tt0000634	nm0710362
tt0000634	nm0152323
tt0000634	nm0448667
tt0000634	nm0680887
tt0000636	nm0000636
tt0000636	nm0119138
tt0000636	nm0310155
tt0000637	nm0494039
tt0000637	nm0491819
tt0000637	nm0682660
tt0000637	nm0100664
tt0000637	nm0732264
tt0000637	nm0483056
tt0000637	nm0006269
tt0000637	nm0078096
tt0000637	nm1562759
tt0000637	nm0130633
tt0000638	nm0041669
tt0000638	nm0502701
tt0000638	nm0226992
tt0000638	nm0005658
tt0000638	nm1266490
tt0000638	nm0000428
tt0000638	nm0038106
tt0000638	nm0409390
tt0000638	nm0555522
tt0000638	nm0366008
tt0000639	nm0038106
tt0000639	nm0005658
tt0000639	nm0567363
tt0000639	nm0366008
tt0000639	nm0000428
tt0000639	nm0226992
tt0000640	nm0076202
tt0000640	nm0054884
tt0000640	nm0555522
tt0000640	nm0492757
tt0000640	nm0502701
tt0000640	nm0038106
tt0000640	nm0250676
tt0000640	nm0311375
tt0000640	nm0000428
tt0000640	nm0813603
tt0000641	nm0784407
tt0000641	nm0813603
tt0000641	nm0832840
tt0000641	nm0038106
tt0000641	nm0311375
tt0000641	nm0000428
tt0000641	nm0555522
tt0000641	nm0366008
tt0000641	nm0424530
tt0000642	nm0000428
tt0000642	nm0424530
tt0000642	nm0502701
tt0000642	nm0409390
tt0000642	nm0492757
tt0000642	nm0038106
tt0000642	nm0813603
tt0000642	nm0555522
tt0000643	nm0832458
tt0000643	nm0930504
tt0000643	nm0085865
tt0000643	nm0926514
tt0000643	nm0509478
tt0000643	nm0037789
tt0000644	nm0311375
tt0000644	nm0784407
tt0000644	nm0409390
tt0000644	nm0492757
tt0000644	nm0366008
tt0000644	nm0555522
tt0000644	nm0250676
tt0000644	nm0115524
tt0000644	nm0629589
tt0000644	nm0000428
tt0000645	nm0310155
tt0000645	nm0005658
tt0000645	nm0784407
tt0000645	nm0555522
tt0000645	nm0000428
tt0000645	nm0311375
tt0000645	nm0115524
tt0000645	nm0038106
tt0000645	nm0813603
tt0000645	nm0492757
tt0000646	nm0666972
tt0000647	nm0333175
tt0000647	nm1458507
tt0000647	nm1459190
tt0000648	nm0000428
tt0000648	nm1266490
tt0000648	nm0226992
tt0000648	nm0784407
tt0000648	nm0555522
tt0000648	nm0311375
tt0000648	nm0642722
tt0000648	nm0005658
tt0000649	nm0226992
tt0000649	nm0567363
tt0000649	nm0366008
tt0000649	nm0005658
tt0000650	nm0644728
tt0000650	nm0035502
tt0000650	nm0169009
tt0000650	nm0692105
tt0000650	nm0697944
tt0000651	nm0366008
tt0000651	nm0005658
tt0000651	nm0226992
tt0000651	nm0567363
tt0000653	nm0366008
tt0000653	nm0311375
tt0000653	nm0813603
tt0000653	nm0492757
tt0000653	nm0173994
tt0000653	nm0005658
tt0000653	nm0555522
tt0000653	nm0038106
tt0000653	nm0000428
tt0000653	nm0409390
tt0000654	nm0409390
tt0000654	nm0518711
tt0000654	nm0492757
tt0000654	nm0000428
tt0000654	nm0813603
tt0000654	nm0331049
tt0000654	nm0555522
tt0000654	nm0424530
tt0000654	nm0173994
tt0000654	nm0311375
tt0000655	nm0005717
tt0000655	nm0699710
tt0000655	nm0554499
tt0000655	nm0900293
tt0000655	nm0201558
tt0000655	nm0166153
tt0000655	nm0346933
tt0000655	nm0802955
tt0000655	nm0097743
tt0000656	nm0600341
tt0000656	nm0024464
tt0000657	nm0005717
tt0000658	nm0169871
tt0000659	nm0005658
tt0000659	nm0226992
tt0000659	nm0000428
tt0000659	nm0567363
tt0000660	nm0424530
tt0000660	nm0502701
tt0000660	nm0214651
tt0000660	nm0409390
tt0000660	nm0311375
tt0000660	nm0492757
tt0000660	nm0250676
tt0000660	nm0173994
tt0000660	nm0005658
tt0000660	nm0000428
tt0000661	nm0617588
tt0000662	nm0555522
tt0000662	nm0038106
tt0000662	nm0000428
tt0000662	nm0005658
tt0000662	nm0226992
tt0000662	nm0567363
tt0000663	nm0311375
tt0000663	nm0784407
tt0000663	nm0000428
tt0000663	nm0038106
tt0000663	nm0005658
tt0000663	nm0424530
tt0000663	nm0366008
tt0000663	nm0492757
tt0000663	nm0534221
tt0000663	nm0173994
tt0000664	nm0198154
tt0000664	nm0549760
tt0000664	nm0086982
tt0000664	nm0687752
tt0000664	nm0005717
tt0000665	nm0038106
tt0000665	nm0311375
tt0000665	nm0000428
tt0000665	nm0784407
tt0000665	nm0813603
tt0000665	nm0534221
tt0000665	nm0492757
tt0000665	nm0005658
tt0000665	nm0366008
tt0000665	nm0424530
tt0000666	nm0005717
tt0000667	nm0005717
tt0000668	nm0098376
tt0000668	nm0783152
tt0000668	nm0241416
tt0000668	nm0675544
tt0000668	nm0091767
tt0000669	nm1670497
tt0000669	nm0692105
tt0000669	nm0768187
tt0000669	nm0000428
tt0000669	nm1866776
tt0000669	nm0615155
tt0000669	nm0205986
tt0000669	nm0384754
tt0000670	nm0148859
tt0000670	nm0872279
tt0000670	nm0194088
tt0000670	nm0140054
tt0000671	nm0691994
tt0000671	nm0006333
tt0000671	nm0691995
tt0000671	nm0582268
tt0000672	nm0568282
tt0000672	nm0492757
tt0000672	nm0784407
tt0000672	nm0424530
tt0000672	nm0005658
tt0000672	nm0534221
tt0000672	nm0813603
tt0000672	nm0000428
tt0000672	nm0311375
tt0000673	nm0140054
tt0000673	nm0900293
tt0000673	nm0005717
tt0000673	nm0422930
tt0000673	nm0302647
tt0000673	nm0271357
tt0000673	nm0802950
tt0000673	nm0802955
tt0000674	nm0063413
tt0000674	nm0957979
tt0000674	nm0735618
tt0000674	nm0550220
tt0000675	nm0194088
tt0000675	nm0148859
tt0000676	nm0140054
tt0000676	nm0097421
tt0000676	nm0194088
tt0000676	nm0729044
tt0000677	nm0007221
tt0000677	nm0692105
tt0000677	nm0877550
tt0000677	nm0697944
tt0000677	nm0644728
tt0000678	nm0005717
tt0000679	nm0000875
tt0000679	nm2924919
tt0000679	nm0091767
tt0000679	nm0877783
tt0000679	nm0122665
tt0000679	nm0933446
tt0000679	nm0542903
tt0000680	nm0005658
tt0000680	nm0000428
tt0000680	nm0226992
tt0000681	nm0813603
tt0000681	nm0642722
tt0000681	nm0567363
tt0000681	nm0005658
tt0000681	nm0000428
tt0000682	nm0169871
tt0000683	nm0534221
tt0000683	nm0555522
tt0000683	nm0502701
tt0000683	nm0038106
tt0000683	nm0041669
tt0000683	nm0311375
tt0000683	nm0331049
tt0000683	nm0813603
tt0000683	nm0692105
tt0000683	nm0000428
tt0000684	nm0784407
tt0000684	nm0492757
tt0000684	nm0409390
tt0000684	nm0331049
tt0000684	nm0043018
tt0000684	nm0005658
tt0000684	nm0000428
tt0000684	nm0038106
tt0000684	nm0311375
tt0000684	nm0813603
tt0000685	nm0502701
tt0000685	nm0005658
tt0000685	nm0311375
tt0000685	nm0366008
tt0000685	nm0555522
tt0000685	nm0813603
tt0000685	nm0038106
tt0000685	nm0424530
tt0000685	nm0732651
tt0000685	nm0000428
tt0000686	nm0005717
tt0000687	nm0646058
tt0000688	nm0111753
tt0000688	nm0298301
tt0000689	nm0555522
tt0000689	nm0409390
tt0000689	nm0000428
tt0000689	nm0518711
tt0000689	nm0311375
tt0000689	nm0813603
tt0000689	nm0331049
tt0000690	nm0424530
tt0000690	nm0409390
tt0000690	nm0813603
tt0000690	nm0038106
tt0000690	nm0311375
tt0000690	nm0000428
tt0000690	nm0555522
tt0000690	nm0331049
tt0000691	nm0187981
tt0000692	nm0143083
tt0000692	nm0742958
tt0000692	nm0303066
tt0000692	nm0349492
tt0000693	nm0005717
tt0000694	nm0813603
tt0000694	nm0310155
tt0000694	nm0409390
tt0000694	nm0492757
tt0000694	nm0424530
tt0000694	nm0524306
tt0000694	nm0784407
tt0000694	nm0555522
tt0000694	nm0000428
tt0000694	nm0311375
tt0000695	nm0038106
tt0000695	nm0524306
tt0000695	nm0424530
tt0000695	nm0502701
tt0000695	nm0409390
tt0000695	nm0000428
tt0000695	nm0853193
tt0000695	nm0555522
tt0000695	nm0227021
tt0000695	nm0115524
tt0000696	nm0005717
tt0000696	nm0602663
tt0000696	nm0697563
tt0000696	nm1050849
tt0000696	nm0687752
tt0000697	nm0005658
tt0000697	nm0000428
tt0000697	nm0311375
tt0000697	nm0424530
tt0000697	nm0784407
tt0000697	nm0409390
tt0000697	nm0949133
tt0000697	nm0601698
tt0000697	nm0922044
tt0000697	nm0555522
tt0000698	nm0784407
tt0000698	nm0555522
tt0000698	nm0311375
tt0000698	nm0000428
tt0000698	nm0492757
tt0000698	nm0813603
tt0000698	nm0629589
tt0000698	nm0366610
tt0000699	nm0492757
tt0000699	nm0277411
tt0000699	nm0311375
tt0000699	nm0376829
tt0000699	nm0038106
tt0000699	nm0000428
tt0000699	nm0555522
tt0000699	nm0601150
tt0000699	nm0587097
tt0000699	nm0409390
tt0000700	nm0366008
tt0000700	nm0567363
tt0000700	nm0000428
tt0000700	nm0005658
tt0000701	nm0940604
tt0000701	nm0005658
tt0000701	nm0567363
tt0000701	nm0226992
tt0000703	nm0567363
tt0000703	nm0226992
tt0000703	nm0000428
tt0000703	nm0005658
tt0000703	nm0310155
tt0000703	nm0373341
tt0000703	nm0642722
tt0000703	nm0813603
tt0000704	nm0807236
tt0000704	nm0229900
tt0000704	nm0085865
tt0000705	nm0185426
tt0000705	nm0870831
tt0000706	nm0813603
tt0000706	nm0524306
tt0000706	nm0038106
tt0000706	nm0424530
tt0000706	nm0492757
tt0000706	nm0311375
tt0000706	nm0000428
tt0000706	nm0786076
tt0000706	nm0005658
tt0000706	nm0409390
tt0000707	nm0555522
tt0000707	nm0492757
tt0000707	nm0949133
tt0000707	nm0005658
tt0000707	nm0311375
tt0000707	nm0424530
tt0000707	nm0000428
tt0000708	nm0005658
tt0000708	nm0000428
tt0000708	nm0784407
tt0000708	nm0226992
tt0000708	nm0642722
tt0000708	nm0567363
tt0000709	nm0790360
tt0000709	nm0007221
tt0000709	nm0085865
tt0000709	nm0509478
tt0000709	nm0710362
tt0000709	nm0000636
tt0000709	nm0448682
tt0000711	nm0000428
tt0000711	nm0555522
tt0000711	nm0567363
tt0000711	nm0226992
tt0000711	nm0311375
tt0000711	nm2088653
tt0000711	nm0853193
tt0000711	nm0813603
tt0000711	nm0005658
tt0000711	nm0041669
tt0000712	nm0567363
tt0000712	nm0005658
tt0000712	nm0813603
tt0000712	nm0000428
tt0000712	nm0038106
tt0000712	nm0642722
tt0000713	nm0000428
tt0000713	nm0038106
tt0000713	nm0784407
tt0000713	nm0567363
tt0000713	nm0005658
tt0000714	nm0007221
tt0000714	nm0298301
tt0000714	nm0111753
tt0000714	nm0902731
tt0000715	nm0692105
tt0000715	nm0001908
tt0000716	nm0227021
tt0000716	nm0005658
tt0000716	nm0642722
tt0000716	nm0226992
tt0000717	nm0448682
tt0000717	nm0085865
tt0000717	nm0561489
tt0000717	nm0710362
tt0000717	nm0142567
tt0000717	nm0000636
tt0000717	nm0877550
tt0000717	nm0072493
tt0000717	nm0492757
tt0000717	nm0659947
tt0000718	nm0085865
tt0000719	nm0005717
tt0000720	nm0038106
tt0000720	nm0409390
tt0000720	nm0311375
tt0000720	nm0555522
tt0000720	nm0005658
tt0000720	nm0813603
tt0000720	nm0000428
tt0000721	nm0000428
tt0000721	nm0642722
tt0000721	nm0226992
tt0000721	nm0310155
tt0000721	nm0555522
tt0000721	nm0311375
tt0000721	nm0567363
tt0000721	nm0784407
tt0000721	nm0005658
tt0000722	nm0353576
tt0000722	nm2329855
tt0000722	nm0353575
tt0000723	nm0012505
tt0000723	nm0634472
tt0000723	nm0347320
tt0000723	nm0613214
tt0000723	nm0312148
tt0000723	nm0005717
tt0000723	nm0168503
tt0000723	nm0515873
tt0000723	nm0250635
tt0000723	nm0163468
tt0000724	nm0085865
tt0000724	nm0710362
tt0000724	nm0330352
tt0000724	nm0877550
tt0000724	nm0659947
tt0000724	nm0000636
tt0000724	nm0509478
tt0000724	nm0007221
tt0000725	nm0366008
tt0000725	nm0005658
tt0000725	nm0226992
tt0000725	nm0567363
tt0000725	nm0000428
tt0000726	nm0005717
tt0000727	nm0000428
tt0000727	nm0813603
tt0000727	nm0642722
tt0000727	nm0376396
tt0000727	nm0366008
tt0000727	nm0173994
tt0000727	nm0005658
tt0000727	nm0784407
tt0000727	nm0311375
tt0000727	nm0226992
tt0000728	nm0000428
tt0000728	nm0813603
tt0000728	nm0492757
tt0000728	nm0784407
tt0000728	nm0311375
tt0000728	nm0005658
tt0000728	nm0424530
tt0000728	nm0409390
tt0000728	nm0534221
tt0000730	nm0173994
tt0000730	nm0409390
tt0000730	nm0492757
tt0000730	nm0424530
tt0000730	nm0784407
tt0000730	nm0005658
tt0000730	nm0534221
tt0000730	nm0311375
tt0000730	nm0000428
tt0000730	nm1972946
tt0000731	nm0534221
tt0000731	nm0005658
tt0000731	nm0940604
tt0000731	nm0000428
tt0000731	nm0173994
tt0000731	nm0038106
tt0000731	nm0492757
tt0000731	nm0681933
tt0000731	nm0642722
tt0000731	nm0277411
tt0000732	nm0005658
tt0000732	nm0000428
tt0000732	nm0567363
tt0000733	nm0005658
tt0000733	nm0784407
tt0000733	nm0000428
tt0000733	nm0567363
tt0000733	nm0226992
tt0000734	nm0772596
tt0000734	nm0659947
tt0000734	nm0408433
tt0000734	nm0000636
tt0000734	nm0152323
tt0000734	nm0330352
tt0000734	nm0227919
tt0000734	nm0012317
tt0000734	nm0710362
tt0000736	nm0226992
tt0000736	nm0005658
tt0000736	nm0000428
tt0000736	nm0567363
tt0000737	nm1266491
tt0000737	nm0642722
tt0000737	nm0853193
tt0000737	nm0897085
tt0000737	nm0041669
tt0000737	nm0226992
tt0000737	nm1266490
tt0000737	nm0784407
tt0000737	nm0137414
tt0000737	nm0005658
tt0000738	nm0000859
tt0000739	nm0400103
tt0000739	nm0191133
tt0000740	nm0311375
tt0000740	nm0492757
tt0000740	nm0629589
tt0000740	nm0555522
tt0000740	nm0005658
tt0000740	nm0853193
tt0000740	nm0000428
tt0000740	nm0424530
tt0000740	nm0409390
tt0000740	nm0038106
tt0000741	nm0568282
tt0000741	nm0424530
tt0000741	nm0492757
tt0000741	nm0311375
tt0000741	nm0038106
tt0000741	nm0409390
tt0000741	nm0813603
tt0000741	nm0000428
tt0000741	nm0005658
tt0000742	nm0294276
tt0000743	nm0567363
tt0000743	nm0038106
tt0000743	nm0226992
tt0000743	nm0000428
tt0000743	nm0005658
tt0000744	nm0366008
tt0000744	nm0555522
tt0000744	nm0005658
tt0000744	nm0000428
tt0000744	nm0642722
tt0000745	nm0001908
tt0000746	nm0784407
tt0000746	nm0000428
tt0000746	nm0813603
tt0000746	nm0150432
tt0000746	nm0191885
tt0000746	nm0940604
tt0000746	nm0005658
tt0000746	nm0492757
tt0000746	nm0226992
tt0000747	nm0492757
tt0000747	nm0642722
tt0000747	nm0424530
tt0000747	nm0311375
tt0000747	nm0555522
tt0000747	nm0853193
tt0000747	nm0000428
tt0000747	nm0102858
tt0000747	nm0038106
tt0000747	nm0409390
tt0000748	nm0366610
tt0000748	nm0000428
tt0000748	nm0555522
tt0000748	nm0849803
tt0000748	nm0813603
tt0000748	nm0038106
tt0000748	nm0005658
tt0000748	nm0311375
tt0000748	nm0409390
tt0000749	nm1865342
tt0000749	nm0910400
tt0000749	nm0692105
tt0000749	nm0205986
tt0000749	nm0000428
tt0000749	nm1868129
tt0000750	nm0330352
tt0000750	nm0813603
tt0000750	nm0710362
tt0000750	nm0492757
tt0000750	nm0659947
tt0000750	nm0085865
tt0000750	nm0000636
tt0000750	nm0007221
tt0000750	nm0041669
tt0000750	nm0408436
tt0000751	nm0366609
tt0000751	nm0120272
tt0000751	nm0098376
tt0000751	nm0502752
tt0000751	nm0877783
tt0000751	nm0764346
tt0000751	nm0091767
tt0000751	nm0783152
tt0000752	nm0424530
tt0000752	nm0250676
tt0000752	nm0173994
tt0000752	nm0005658
tt0000752	nm0373341
tt0000752	nm0656425
tt0000752	nm0000428
tt0000752	nm0492757
tt0000752	nm0311375
tt0000752	nm0409390
tt0000753	nm0310155
tt0000753	nm0005658
tt0000753	nm0567363
tt0000753	nm0226992
tt0000754	nm0085865
tt0000754	nm0000636
tt0000754	nm0040750
tt0000754	nm0012317
tt0000754	nm0142567
tt0000754	nm0152323
tt0000754	nm0492757
tt0000754	nm0401368
tt0000754	nm0448682
tt0000754	nm0659947
tt0000755	nm0617588
tt0000756	nm0813603
tt0000756	nm0642722
tt0000756	nm0041669
tt0000756	nm0784407
tt0000756	nm0005658
tt0000756	nm0000428
tt0000756	nm0226992
tt0000756	nm0567363
tt0000757	nm0692105
tt0000757	nm0041669
tt0000757	nm0710362
tt0000757	nm0353584
tt0000758	nm0390479
tt0000758	nm0333175
tt0000758	nm0488932
tt0000758	nm0526168
tt0000758	nm0221883
tt0000759	nm0333175
tt0000759	nm0390479
tt0000759	nm0488932
tt0000760	nm0488932
tt0000760	nm0390479
tt0000760	nm2112876
tt0000760	nm1267460
tt0000760	nm0333175
tt0000761	nm0005717
tt0000762	nm0311375
tt0000762	nm0656425
tt0000762	nm0173994
tt0000762	nm0492757
tt0000762	nm0038106
tt0000762	nm0000428
tt0000762	nm0005658
tt0000762	nm0366008
tt0000762	nm0424530
tt0000762	nm0629589
tt0000763	nm0366008
tt0000763	nm0005658
tt0000763	nm0041669
tt0000763	nm0567363
tt0000764	nm0492757
tt0000764	nm0656425
tt0000764	nm0005658
tt0000764	nm0940604
tt0000764	nm0393524
tt0000764	nm0000428
tt0000764	nm0424530
tt0000764	nm0366008
tt0000764	nm0311375
tt0000764	nm0038106
tt0000765	nm0311375
tt0000765	nm0000428
tt0000765	nm0642722
tt0000765	nm0226992
tt0000765	nm0310155
tt0000765	nm0567363
tt0000765	nm0555522
tt0000765	nm0005658
tt0000765	nm0038106
tt0000765	nm0784407
tt0000766	nm0111753
tt0000766	nm0298301
tt0000767	nm0492757
tt0000767	nm0813603
tt0000767	nm0038106
tt0000767	nm0173994
tt0000767	nm0000428
tt0000767	nm0005658
tt0000767	nm0250676
tt0000767	nm0311375
tt0000767	nm0409390
tt0000768	nm0526168
tt0000768	nm0390479
tt0000768	nm0647719
tt0000768	nm0814379
tt0000768	nm2718103
tt0000768	nm0333175
tt0000768	nm2160063
tt0000768	nm0488932
tt0000769	nm0617588
tt0000770	nm0000636
tt0000770	nm0005658
tt0000770	nm0000428
tt0000770	nm0424530
tt0000770	nm0555522
tt0000770	nm0038106
tt0000770	nm0492757
tt0000770	nm0813603
tt0000771	nm0311375
tt0000771	nm0041669
tt0000771	nm0502701
tt0000771	nm0813603
tt0000771	nm0000428
tt0000771	nm0226992
tt0000771	nm0839374
tt0000771	nm0555522
tt0000772	nm0492757
tt0000772	nm0005658
tt0000772	nm0038106
tt0000772	nm0813603
tt0000772	nm0409390
tt0000772	nm0502701
tt0000772	nm0366008
tt0000772	nm0311375
tt0000772	nm0424530
tt0000772	nm0000428
tt0000773	nm0784407
tt0000773	nm0005658
tt0000773	nm0813603
tt0000773	nm0567363
tt0000773	nm0366008
tt0000773	nm0310155
tt0000773	nm0226992
tt0000773	nm0642722
tt0000774	nm0294276
tt0000775	nm0243796
tt0000775	nm0719480
tt0000775	nm0002001
tt0000776	nm0024464
tt0000776	nm0120272
tt0000776	nm0535957
tt0000776	nm1263330
tt0000776	nm0610618
tt0000776	nm1264018
tt0000776	nm0900111
tt0000776	nm0648372
tt0000777	nm0877550
tt0000777	nm0692105
tt0000777	nm0644728
tt0000778	nm0366008
tt0000778	nm0311375
tt0000778	nm0005658
tt0000778	nm0555522
tt0000778	nm0043018
tt0000778	nm0424530
tt0000778	nm0373341
tt0000778	nm0784407
tt0000778	nm0492757
tt0000778	nm0000428
tt0000779	nm0813603
tt0000779	nm0262757
tt0000779	nm0005658
tt0000779	nm0409390
tt0000779	nm0492757
tt0000779	nm0250676
tt0000779	nm0038106
tt0000779	nm0000428
tt0000779	nm0311375
tt0000779	nm0424530
tt0000780	nm0814379
tt0000780	nm0525876
tt0000780	nm0333175
tt0000780	nm0390479
tt0000780	nm0104856
tt0000780	nm2718103
tt0000780	nm0488932
tt0000781	nm0492757
tt0000781	nm0085865
tt0000782	nm0808310
tt0000782	nm4535948
tt0000782	nm4536361
tt0000783	nm0038106
tt0000783	nm0567363
tt0000783	nm0538186
tt0000783	nm0000428
tt0000784	nm0567363
tt0000784	nm0038106
tt0000784	nm0813603
tt0000784	nm0005658
tt0000784	nm0000428
tt0000785	nm0311375
tt0000785	nm0226992
tt0000785	nm0555522
tt0000785	nm0038106
tt0000785	nm0424530
tt0000785	nm0366008
tt0000785	nm0000428
tt0000785	nm0409390
tt0000785	nm0005658
tt0000785	nm0853193
tt0000786	nm0691995
tt0000787	nm0587134
tt0000787	nm0311375
tt0000787	nm0813603
tt0000787	nm0038106
tt0000787	nm0076202
tt0000787	nm0000428
tt0000787	nm0555522
tt0000787	nm0424530
tt0000787	nm0492757
tt0000787	nm0874364
tt0000788	nm0005658
tt0000788	nm0000428
tt0000788	nm0642722
tt0000788	nm0567363
tt0000789	nm0492757
tt0000789	nm0000428
tt0000789	nm0250676
tt0000789	nm0424530
tt0000789	nm0311375
tt0000789	nm0409390
tt0000789	nm0173994
tt0000789	nm1013170
tt0000789	nm0005658
tt0000789	nm0813603
tt0000790	nm0881616
tt0000790	nm0095816
tt0000790	nm0894523
tt0000791	nm0125509
tt0000791	nm0194088
tt0000792	nm0784407
tt0000792	nm0502701
tt0000792	nm0424530
tt0000792	nm0214651
tt0000792	nm0587097
tt0000792	nm0000428
tt0000792	nm0005658
tt0000792	nm0376829
tt0000792	nm0492757
tt0000792	nm0849803
tt0000793	nm0691995
tt0000793	nm0081288
tt0000794	nm0762935
tt0000794	nm0022607
tt0000794	nm5217821
tt0000794	nm0878467
tt0000794	nm0526190
tt0000794	nm0251436
tt0000794	nm0776198
tt0000794	nm0264569
tt0000795	nm0111753
tt0000796	nm0005658
tt0000797	nm0005658
tt0000797	nm0502701
tt0000797	nm0922044
tt0000797	nm0949133
tt0000797	nm0000428
tt0000797	nm0555522
tt0000797	nm0038106
tt0000797	nm0409390
tt0000797	nm0587097
tt0000797	nm0376829
tt0000798	nm0294276
tt0000799	nm0136241
tt0000799	nm0145909
tt0000799	nm0749659
tt0000799	nm0703545
tt0000799	nm0959358
tt0000799	nm0646844
tt0000799	nm0897441
tt0000800	nm0005658
tt0000800	nm0424530
tt0000800	nm0492757
tt0000800	nm0601698
tt0000800	nm0000428
tt0000800	nm0642722
tt0000800	nm0102858
tt0000800	nm0629589
tt0000800	nm0115524
tt0000800	nm0681933
tt0000801	nm0424530
tt0000801	nm0813603
tt0000801	nm0038106
tt0000801	nm0555522
tt0000801	nm0376829
tt0000801	nm0601698
tt0000801	nm0000428
tt0000801	nm0629589
tt0000801	nm0005658
tt0000801	nm0492757
tt0000802	nm0294276
tt0000803	nm0234670
tt0000803	nm0333175
tt0000803	nm0082349
tt0000803	nm1814364
tt0000803	nm0104856
tt0000803	nm0488932
tt0000803	nm5227669
tt0000803	nm2931813
tt0000804	nm0870831
tt0000804	nm0185426
tt0000805	nm0188943
tt0000805	nm0171586
tt0000805	nm0317715
tt0000805	nm0897388
tt0000805	nm0557471
tt0000805	nm0592634
tt0000805	nm0613286
tt0000805	nm0005717
tt0000806	nm1097174
tt0000806	nm0639631
tt0000806	nm1400009
tt0000806	nm0161366
tt0000806	nm0001908
tt0000806	nm0607273
tt0000806	nm1102226
tt0000806	nm1096012
tt0000806	nm0607104
tt0000806	nm1096199
tt0000807	nm0125164
tt0000807	nm0005658
tt0000807	nm0853193
tt0000807	nm0163559
tt0000807	nm0519310
tt0000807	nm0910400
tt0000807	nm0456804
tt0000807	nm0000428
tt0000807	nm0424530
tt0000807	nm0115524
tt0000808	nm0111753
tt0000808	nm0298301
tt0000809	nm0000428
tt0000809	nm0002503
tt0000810	nm0001908
tt0000811	nm0294276
tt0000812	nm0870831
tt0000812	nm0185426
tt0000813	nm0298301
tt0000813	nm0674518
tt0000813	nm0644728
tt0000813	nm0205986
tt0000814	nm0870831
tt0000814	nm0185426
tt0000815	nm0492757
tt0000815	nm0424530
tt0000815	nm0409390
tt0000815	nm0173994
tt0000815	nm0226992
tt0000815	nm0005658
tt0000815	nm0000428
tt0000815	nm0587097
tt0000815	nm0813603
tt0000815	nm0311375
tt0000816	nm0288616
tt0000816	nm0000428
tt0000816	nm0456804
tt0000816	nm0376396
tt0000816	nm0005658
tt0000816	nm0424530
tt0000816	nm0681933
tt0000816	nm0115524
tt0000816	nm0502701
tt0000816	nm0366008
tt0000817	nm0088881
tt0000817	nm0776198
tt0000817	nm0937628
tt0000817	nm5227669
tt0000817	nm0488932
tt0000817	nm0333175
tt0000817	nm3412368
tt0000818	nm0294276
tt0000819	nm0369058
tt0000819	nm0424530
tt0000819	nm0502701
tt0000819	nm0214651
tt0000819	nm0813603
tt0000819	nm0409390
tt0000819	nm0000428
tt0000819	nm0005658
tt0000819	nm0555522
tt0000819	nm0366008
tt0000820	nm0870831
tt0000820	nm0063413
tt0000820	nm0185426
tt0000821	nm0041858
tt0000821	nm0000428
tt0000821	nm0038106
tt0000821	nm0492757
tt0000821	nm0288616
tt0000821	nm0005658
tt0000821	nm0408436
tt0000821	nm0043018
tt0000821	nm0115524
tt0000821	nm0173994
tt0000822	nm0063412
tt0000822	nm0063413
tt0000822	nm0550220
tt0000823	nm0940604
tt0000823	nm0331049
tt0000823	nm1013170
tt0000823	nm0456804
tt0000823	nm0424530
tt0000823	nm0601698
tt0000823	nm0000428
tt0000823	nm0115524
tt0000823	nm0005658
tt0000823	nm0226992
tt0000824	nm0298301
tt0000824	nm0692105
tt0000825	nm0288616
tt0000825	nm0038106
tt0000825	nm0601698
tt0000825	nm0163559
tt0000825	nm0214651
tt0000825	nm0502701
tt0000825	nm0681933
tt0000825	nm0005658
tt0000825	nm0250676
tt0000825	nm0000428
tt0000826	nm0185803
tt0000826	nm0054884
tt0000826	nm0642722
tt0000826	nm0000428
tt0000826	nm0005658
tt0000826	nm0704334
tt0000826	nm0910400
tt0000826	nm0784407
tt0000826	nm0842239
tt0000826	nm0115524
tt0000827	nm0038106
tt0000827	nm0502701
tt0000827	nm0163559
tt0000827	nm0478359
tt0000827	nm0005658
tt0000827	nm0853193
tt0000827	nm0424530
tt0000827	nm0000428
tt0000827	nm0456804
tt0000828	nm0000428
tt0000828	nm0173994
tt0000828	nm0697944
tt0000828	nm0409390
tt0000828	nm0492757
tt0000828	nm0043018
tt0000828	nm0115524
tt0000828	nm0038106
tt0000828	nm0555522
tt0000828	nm0005658
tt0000829	nm0000428
tt0000829	nm0519310
tt0000829	nm0910400
tt0000829	nm0005658
tt0000829	nm0038106
tt0000829	nm0250676
tt0000829	nm0456804
tt0000829	nm0601698
tt0000829	nm0424530
tt0000829	nm0076202
tt0000830	nm0097769
tt0000830	nm0005717
tt0000831	nm0000428
tt0000831	nm0005658
tt0000831	nm0502701
tt0000831	nm0409390
tt0000831	nm0311375
tt0000831	nm0102858
tt0000831	nm0692105
tt0000831	nm0038106
tt0000831	nm0555522
tt0000831	nm0076202
tt0000832	nm0635805
tt0000832	nm0005658
tt0000832	nm0940604
tt0000832	nm0038106
tt0000832	nm0000428
tt0000832	nm0288616
tt0000832	nm0808571
tt0000832	nm0376442
tt0000832	nm0456804
tt0000833	nm0288616
tt0000833	nm0681933
tt0000833	nm0492757
tt0000833	nm0000428
tt0000833	nm0455237
tt0000833	nm0250676
tt0000833	nm0214651
tt0000833	nm0115524
tt0000834	nm0294276
tt0000835	nm0038106
tt0000835	nm0005658
tt0000835	nm0922044
tt0000835	nm0587097
tt0000835	nm0002042
tt0000835	nm0601698
tt0000835	nm0581499
tt0000835	nm0555522
tt0000835	nm0000428
tt0000835	nm0940604
tt0000836	nm0272889
tt0000836	nm0495051
tt0000836	nm1860567
tt0000836	nm1728086
tt0000836	nm0851633
tt0000836	nm0180860
tt0000836	nm0274368
tt0000837	nm0409390
tt0000837	nm0311375
tt0000837	nm0000428
tt0000837	nm0502701
tt0000837	nm0813603
tt0000837	nm0005658
tt0000837	nm0492757
tt0000837	nm0601698
tt0000837	nm0587097
tt0000837	nm0424530
tt0000838	nm0017074
tt0000839	nm0294276
tt0000840	nm0005658
tt0000840	nm0000428
tt0000840	nm0813603
tt0000840	nm0492757
tt0000840	nm0038106
tt0000840	nm0784407
tt0000841	nm0842239
tt0000841	nm0000428
tt0000841	nm0502701
tt0000841	nm0681933
tt0000841	nm0629589
tt0000841	nm0456804
tt0000841	nm0262757
tt0000841	nm0038106
tt0000841	nm0424530
tt0000841	nm0499883
tt0000842	nm0005717
tt0000843	nm0629589
tt0000843	nm0456804
tt0000843	nm0354803
tt0000843	nm0005658
tt0000843	nm0502701
tt0000843	nm0288616
tt0000843	nm0038106
tt0000843	nm0000428
tt0000843	nm0940604
tt0000843	nm0878494
tt0000844	nm2157518
tt0000844	nm1234058
tt0000844	nm1234590
tt0000844	nm1033426
tt0000844	nm2155522
tt0000844	nm0882643
tt0000844	nm0805569
tt0000844	nm0866239
tt0000844	nm0327201
tt0000844	nm1234552
tt0000845	nm0424530
tt0000845	nm0038106
tt0000845	nm0000428
tt0000845	nm1352982
tt0000845	nm0492757
tt0000845	nm0409390
tt0000845	nm0005658
tt0000845	nm0214651
tt0000845	nm0376829
tt0000845	nm0949133
tt0000846	nm0023107
tt0000847	nm0464189
tt0000847	nm1902148
tt0000847	nm0093361
tt0000847	nm0316220
tt0000848	nm0617588
tt0000849	nm0063412
tt0000849	nm0063413
tt0000849	nm0550220
tt0000850	nm0063413
tt0000850	nm0550220
tt0000850	nm0063412
tt0000851	nm0681933
tt0000851	nm0555522
tt0000851	nm0424530
tt0000851	nm0492757
tt0000851	nm0038106
tt0000851	nm0376829
tt0000851	nm0366008
tt0000851	nm0005658
tt0000851	nm0502701
tt0000851	nm0000428
tt0000852	nm0038106
tt0000852	nm0366008
tt0000852	nm0250676
tt0000852	nm0173994
tt0000852	nm0424530
tt0000852	nm0005658
tt0000852	nm0000428
tt0000852	nm0376829
tt0000852	nm0043018
tt0000852	nm0214651
tt0000853	nm0555522
tt0000853	nm0492757
tt0000853	nm0949133
tt0000853	nm0038106
tt0000853	nm0502701
tt0000853	nm0587097
tt0000853	nm0005658
tt0000853	nm0102858
tt0000853	nm0000428
tt0000853	nm0409390
tt0000854	nm0000428
tt0000854	nm0587097
tt0000854	nm0005658
tt0000854	nm0940604
tt0000854	nm0456804
tt0000854	nm0424530
tt0000854	nm0038106
tt0000854	nm0102858
tt0000854	nm0949133
tt0000854	nm0376829
tt0000855	nm0000428
tt0000855	nm0642722
tt0000855	nm0587097
tt0000855	nm0102858
tt0000855	nm0005658
tt0000855	nm0492757
tt0000855	nm0424530
tt0000855	nm0376829
tt0000855	nm0555522
tt0000855	nm0581499
tt0000856	nm0246715
tt0000856	nm1138324
tt0000856	nm0023107
tt0000857	nm0697944
tt0000857	nm0043018
tt0000857	nm0519310
tt0000857	nm0555522
tt0000857	nm0005658
tt0000857	nm0000428
tt0000857	nm0424530
tt0000857	nm0601698
tt0000857	nm0492757
tt0000857	nm0041669
tt0000858	nm0629589
tt0000858	nm0262757
tt0000858	nm0456804
tt0000858	nm0000428
tt0000858	nm0424530
tt0000858	nm0502701
tt0000858	nm0601698
tt0000858	nm0005658
tt0000858	nm0642722
tt0000858	nm0373341
tt0000859	nm0005717
tt0000860	nm0000428
tt0000860	nm0005658
tt0000860	nm0555522
tt0000860	nm0250676
tt0000860	nm0038106
tt0000860	nm0502701
tt0000860	nm0534221
tt0000860	nm0456804
tt0000860	nm0587097
tt0000860	nm0054884
tt0000861	nm0005658
tt0000861	nm0076202
tt0000861	nm0940604
tt0000861	nm0163559
tt0000861	nm0000428
tt0000861	nm0115524
tt0000861	nm0173994
tt0000861	nm0253652
tt0000861	nm0784407
tt0000861	nm0456804
tt0000862	nm0957652
tt0000862	nm0878467
tt0000862	nm0511080
tt0000862	nm0386036
tt0000862	nm0535230
tt0000862	nm0264569
tt0000862	nm5289318
tt0000862	nm0526190
tt0000862	nm5289829
tt0000862	nm5188470
tt0000863	nm0294276
tt0000864	nm0949133
tt0000864	nm0005658
tt0000864	nm0311375
tt0000864	nm0000428
tt0000864	nm0038106
tt0000864	nm0502701
tt0000864	nm0732651
tt0000864	nm0173994
tt0000864	nm0376829
tt0000864	nm0813603
tt0000865	nm0294276
tt0000866	nm0294276
tt0000867	nm0023107
tt0000868	nm0005717
tt0000869	nm0005717
tt0000870	nm0369058
tt0000870	nm0502701
tt0000870	nm0000428
tt0000870	nm0005658
tt0000870	nm0601698
tt0000870	nm0038106
tt0000870	nm0409390
tt0000870	nm0401076
tt0000870	nm0173994
tt0000870	nm0376829
tt0000871	nm0288616
tt0000871	nm0910400
tt0000871	nm0456804
tt0000871	nm0502701
tt0000871	nm0064415
tt0000871	nm0005658
tt0000871	nm0940604
tt0000871	nm0000428
tt0000872	nm0298301
tt0000872	nm0111753
tt0000873	nm0698839
tt0000873	nm1234590
tt0000873	nm0701090
tt0000873	nm1234058
tt0000874	nm0424530
tt0000874	nm0555522
tt0000874	nm0000428
tt0000874	nm0038106
tt0000874	nm0173994
tt0000874	nm0409390
tt0000874	nm0492757
tt0000874	nm0005658
tt0000874	nm0043018
tt0000874	nm0376829
tt0000875	nm0581499
tt0000875	nm0288616
tt0000875	nm0000428
tt0000875	nm0601698
tt0000875	nm0555522
tt0000875	nm0005658
tt0000876	nm0692105
tt0000876	nm0298301
tt0000876	nm0877550
tt0000877	nm0115524
tt0000877	nm0681933
tt0000877	nm0456804
tt0000877	nm0704334
tt0000877	nm0173994
tt0000877	nm0041858
tt0000877	nm0054884
tt0000877	nm0000428
tt0000877	nm0163559
tt0000877	nm0005658
tt0000878	nm0642722
tt0000878	nm0424530
tt0000878	nm0005658
tt0000878	nm0115524
tt0000878	nm0456804
tt0000878	nm0502701
tt0000878	nm0629589
tt0000878	nm0262757
tt0000878	nm0681933
tt0000878	nm0000428
tt0000879	nm2681099
tt0000879	nm0023107
tt0000879	nm1747784
tt0000880	nm0005658
tt0000880	nm0076202
tt0000880	nm0000428
tt0000880	nm0054884
tt0000880	nm0922044
tt0000880	nm0492757
tt0000880	nm0587097
tt0000880	nm0102858
tt0000880	nm0115524
tt0000880	nm0555522
tt0000881	nm0304098
tt0000882	nm0409390
tt0000882	nm0376829
tt0000882	nm0250676
tt0000882	nm0000428
tt0000882	nm0311375
tt0000882	nm0601698
tt0000882	nm0038106
tt0000882	nm0555522
tt0000882	nm0214651
tt0000882	nm0115524
tt0000883	nm0526168
tt0000883	nm0684773
tt0000883	nm0390479
tt0000883	nm0919469
tt0000883	nm0333175
tt0000883	nm0236279
tt0000883	nm0488932
tt0000883	nm0647763
tt0000884	nm0526168
tt0000884	nm5227669
tt0000884	nm0088881
tt0000884	nm0488932
tt0000884	nm1069712
tt0000884	nm0684773
tt0000885	nm0347566
tt0000885	nm0302647
tt0000885	nm0651029
tt0000885	nm0346090
tt0000885	nm0944584
tt0000885	nm0005717
tt0000885	nm0422930
tt0000885	nm0102510
tt0000886	nm0000636
tt0000886	nm0099901
tt0000886	nm0609814
tt0000887	nm0298301
tt0000887	nm0692105
tt0000887	nm0205986
tt0000887	nm0819384
tt0000887	nm0339765
tt0000887	nm0115162
tt0000888	nm0644728
tt0000888	nm0692105
tt0000888	nm0877550
tt0000889	nm0161366
tt0000889	nm0639631
tt0000889	nm0807358
tt0000889	nm1400009
tt0000889	nm1399761
tt0000889	nm1322270
tt0000889	nm0730386
tt0000889	nm0001908
tt0000890	nm0456804
tt0000890	nm0000428
tt0000890	nm0555522
tt0000890	nm0005658
tt0000890	nm0681933
tt0000890	nm0250676
tt0000890	nm0910400
tt0000890	nm0424530
tt0000890	nm0038106
tt0000890	nm0502701
tt0000891	nm0333175
tt0000891	nm0488932
tt0000891	nm0814379
tt0000891	nm0727622
tt0000892	nm0492757
tt0000892	nm0000428
tt0000892	nm0173994
tt0000892	nm0277411
tt0000892	nm0038106
tt0000892	nm0185803
tt0000892	nm0005658
tt0000892	nm0076202
tt0000892	nm0102858
tt0000892	nm0043018
tt0000893	nm0176699
tt0000893	nm0160280
tt0000893	nm0285947
tt0000893	nm0265289
tt0000893	nm0285961
tt0000893	nm0060238
tt0000893	nm0395438
tt0000893	nm0202590
tt0000893	nm0311375
tt0000894	nm0488932
tt0000894	nm2718103
tt0000894	nm0104856
tt0000894	nm0333175
tt0000895	nm0163559
tt0000895	nm0115524
tt0000895	nm0366008
tt0000895	nm0005658
tt0000895	nm0601698
tt0000895	nm0000428
tt0000895	nm0555522
tt0000895	nm0940604
tt0000895	nm0038106
tt0000895	nm0125164
tt0000896	nm0813603
tt0000896	nm0311375
tt0000896	nm0173994
tt0000896	nm0005658
tt0000896	nm0000428
tt0000896	nm0366008
tt0000896	nm0424530
tt0000896	nm0502701
tt0000897	nm0115524
tt0000897	nm0366008
tt0000897	nm0424530
tt0000897	nm0377958
tt0000897	nm0000428
tt0000897	nm0601698
tt0000897	nm0555522
tt0000897	nm0502701
tt0000897	nm0005658
tt0000897	nm0288616
tt0000898	nm0601698
tt0000898	nm0502701
tt0000898	nm0262757
tt0000898	nm0250676
tt0000898	nm0115524
tt0000898	nm0005658
tt0000898	nm0000428
tt0000898	nm0456804
tt0000898	nm0629589
tt0000898	nm0681933
tt0000899	nm0161366
tt0000899	nm0607273
tt0000899	nm0639631
tt0000899	nm1400009
tt0000899	nm0001908
tt0000900	nm0038106
tt0000900	nm0424530
tt0000900	nm0601698
tt0000900	nm0000428
tt0000900	nm0492757
tt0000900	nm0005658
tt0000901	nm0492757
tt0000901	nm0409390
tt0000901	nm0366008
tt0000901	nm0277411
tt0000901	nm0038106
tt0000901	nm0555522
tt0000901	nm0000428
tt0000901	nm0376829
tt0000901	nm0173994
tt0000901	nm0922044
tt0000902	nm0456804
tt0000902	nm0601698
tt0000902	nm0288616
tt0000902	nm0784407
tt0000902	nm0704334
tt0000902	nm0681933
tt0000902	nm0125164
tt0000902	nm0629589
tt0000902	nm0005658
tt0000902	nm0000428
tt0000903	nm0376829
tt0000903	nm0601698
tt0000903	nm0000428
tt0000903	nm0311375
tt0000903	nm0005658
tt0000903	nm0813603
tt0000903	nm0492757
tt0000903	nm0587097
tt0000903	nm0524306
tt0000903	nm0424530
tt0000904	nm0531584
tt0000904	nm0298301
tt0000904	nm0697944
tt0000904	nm0692105
tt0000905	nm0038106
tt0000905	nm0214651
tt0000905	nm0000428
tt0000905	nm0424530
tt0000905	nm0376829
tt0000905	nm0492757
tt0000905	nm0922044
tt0000905	nm0250676
tt0000905	nm0005658
tt0000906	nm0294276
tt0000907	nm0005658
tt0000907	nm0629589
tt0000907	nm0940604
tt0000907	nm0185803
tt0000907	nm0502701
tt0000907	nm0000428
tt0000907	nm0125164
tt0000907	nm0035187
tt0000907	nm0910400
tt0000907	nm0115524
tt0000908	nm0206801
tt0000908	nm0115524
tt0000908	nm0163559
tt0000908	nm0038106
tt0000908	nm0000428
tt0000908	nm0125164
tt0000908	nm0005658
tt0000908	nm0601698
tt0000908	nm0910400
tt0000908	nm0853193
tt0000909	nm0115524
tt0000909	nm0005658
tt0000909	nm0366511
tt0000909	nm0366008
tt0000909	nm0000428
tt0000909	nm0376442
tt0000909	nm0214651
tt0000909	nm0922044
tt0000909	nm0250676
tt0000909	nm0038106
tt0000910	nm0502701
tt0000910	nm0629589
tt0000910	nm0681933
tt0000910	nm0642722
tt0000910	nm0115524
tt0000910	nm0076202
tt0000910	nm0005658
tt0000910	nm0000428
tt0000910	nm0288616
tt0000910	nm0250676
tt0000911	nm0115524
tt0000911	nm0214651
tt0000911	nm0629589
tt0000911	nm0502701
tt0000911	nm0005658
tt0000911	nm0456804
tt0000911	nm0163559
tt0000911	nm0940604
tt0000911	nm0250676
tt0000911	nm0000428
tt0000912	nm0000428
tt0000912	nm0853193
tt0000912	nm0005658
tt0000912	nm0456804
tt0000912	nm0502701
tt0000912	nm0642722
tt0000912	nm0681933
tt0000912	nm0288616
tt0000912	nm0601698
tt0000912	nm0424530
tt0000913	nm0001908
tt0000914	nm0005717
tt0000915	nm0294276
tt0000916	nm0511729
tt0000916	nm1703900
tt0000917	nm0784407
tt0000917	nm0424530
tt0000917	nm0492757
tt0000917	nm0456804
tt0000917	nm0642722
tt0000917	nm0601698
tt0000917	nm0250676
tt0000917	nm0005658
tt0000917	nm0000428
tt0000918	nm0111753
tt0000918	nm0298301
tt0000919	nm0424530
tt0000919	nm0005658
tt0000919	nm0555522
tt0000919	nm0000428
tt0000919	nm0502701
tt0000919	nm0784407
tt0000919	nm0038106
tt0000919	nm0492757
tt0000919	nm0043018
tt0000919	nm0601698
tt0000920	nm0000428
tt0000920	nm0173994
tt0000920	nm0005658
tt0000920	nm0038106
tt0000920	nm0250676
tt0000920	nm0277411
tt0000920	nm0376829
tt0000920	nm0409390
tt0000920	nm0492757
tt0000920	nm0043018
tt0000921	nm0005658
tt0000921	nm0277411
tt0000921	nm0366008
tt0000921	nm0173994
tt0000921	nm0038106
tt0000921	nm0311375
tt0000921	nm0492757
tt0000921	nm0000428
tt0000921	nm0784407
tt0000921	nm0601698
tt0000922	nm0173994
tt0000922	nm0376829
tt0000922	nm0492757
tt0000922	nm0005658
tt0000922	nm0000428
tt0000922	nm0502701
tt0000922	nm0102858
tt0000922	nm0587097
tt0000922	nm0038106
tt0000922	nm0311375
tt0000923	nm0063412
tt0000923	nm0550220
tt0000923	nm0063413
tt0000924	nm0169871
tt0000925	nm0607273
tt0000925	nm0001908
tt0000926	nm0063412
tt0000926	nm0159015
tt0000926	nm0063413
tt0000926	nm0550220
tt0000927	nm0808310
tt0000928	nm0000636
tt0000928	nm0612348
tt0000928	nm0041669
tt0000928	nm0085865
tt0000928	nm0037789
tt0000928	nm0330352
tt0000928	nm0401967
tt0000928	nm0710362
tt0000928	nm0298301
tt0000928	nm0007221
tt0000929	nm0170183
tt0000929	nm0667386
tt0000929	nm1902148
tt0000929	nm0066941
tt0000929	nm0093361
tt0000929	nm0092290
tt0000930	nm0091426
tt0000930	nm0093361
tt0000930	nm0092290
tt0000931	nm3412368
tt0000931	nm0804632
tt0000931	nm0119164
tt0000931	nm0937628
tt0000931	nm0488932
tt0000931	nm1834127
tt0000931	nm5227669
tt0000932	nm0776198
tt0000932	nm5227669
tt0000932	nm2528881
tt0000932	nm1069712
tt0000932	nm0333175
tt0000932	nm0526168
tt0000932	nm0684773
tt0000932	nm0088881
tt0000932	nm0488932
tt0000932	nm5600037
tt0000933	nm0409390
tt0000933	nm0424530
tt0000933	nm0492757
tt0000933	nm0076202
tt0000933	nm0173994
tt0000933	nm0376829
tt0000933	nm0000428
tt0000933	nm0534221
tt0000933	nm0853193
tt0000933	nm0005658
tt0000934	nm0038106
tt0000934	nm0555522
tt0000934	nm0784407
tt0000934	nm0000428
tt0000934	nm0853193
tt0000934	nm0502701
tt0000934	nm0005658
tt0000934	nm0629589
tt0000934	nm0178126
tt0000935	nm0366511
tt0000935	nm0337033
tt0000935	nm0334918
tt0000935	nm0424530
tt0000935	nm0115524
tt0000935	nm0000428
tt0000935	nm0262757
tt0000935	nm0456804
tt0000935	nm0373341
tt0000935	nm0005658
tt0000936	nm0038106
tt0000936	nm0115524
tt0000936	nm0262757
tt0000936	nm0629589
tt0000936	nm0853193
tt0000936	nm0922044
tt0000936	nm0005658
tt0000936	nm0456804
tt0000936	nm0502701
tt0000936	nm0000428
tt0000938	nm0043018
tt0000938	nm0681933
tt0000938	nm0366008
tt0000938	nm0173994
tt0000938	nm0000428
tt0000938	nm0601698
tt0000938	nm0424530
tt0000938	nm0005658
tt0000938	nm0456804
tt0000938	nm0163559
tt0000939	nm0250676
tt0000939	nm0555522
tt0000939	nm0005658
tt0000939	nm0000428
tt0000939	nm0115524
tt0000939	nm0226992
tt0000939	nm0424530
tt0000939	nm0681933
tt0000939	nm0629589
tt0000939	nm0354803
tt0000940	nm0205986
tt0000940	nm0789748
tt0000940	nm0298301
tt0000940	nm0779797
tt0000940	nm0531584
tt0000941	nm0243918
tt0000941	nm0034453
tt0000941	nm0140054
tt0000941	nm0294022
tt0000941	nm0063413
tt0000941	nm0550220
tt0000941	nm0848502
tt0000942	nm0000428
tt0000942	nm0587097
tt0000942	nm4117830
tt0000942	nm0555522
tt0000942	nm0005658
tt0000942	nm0520524
tt0000942	nm0681933
tt0000942	nm0250676
tt0000942	nm0502701
tt0000942	nm0784407
tt0000943	nm0502701
tt0000943	nm0813603
tt0000943	nm0043018
tt0000943	nm0000428
tt0000943	nm0038106
tt0000943	nm0555522
tt0000943	nm0409390
tt0000943	nm0376829
tt0000943	nm0424530
tt0000943	nm0005658
tt0000944	nm0294276
tt0000945	nm0376829
tt0000945	nm0784407
tt0000945	nm0813603
tt0000945	nm0000428
tt0000945	nm0502701
tt0000945	nm0587097
tt0000945	nm0949133
tt0000945	nm0555522
tt0000945	nm0005658
tt0000945	nm0853193
tt0000946	nm0005658
tt0000946	nm0555522
tt0000946	nm0038106
tt0000946	nm0041858
tt0000946	nm0173994
tt0000946	nm0214651
tt0000946	nm0000428
tt0000946	nm0492757
tt0000946	nm0502701
tt0000946	nm0813603
tt0000947	nm0488932
tt0000947	nm0814379
tt0000948	nm0304098
tt0000950	nm0143332
tt0000950	nm0143333
tt0000950	nm0000636
tt0000950	nm0135493
tt0000950	nm0658775
tt0000950	nm1301649
tt0000951	nm0603447
tt0000951	nm0765026
tt0000951	nm0937628
tt0000951	nm0088881
tt0000951	nm5227669
tt0000951	nm0488932
tt0000951	nm0804632
tt0000952	nm0130633
tt0000952	nm0220460
tt0000953	nm0001908
tt0000954	nm0000428
tt0000955	nm0842239
tt0000956	nm0502701
tt0000956	nm0102858
tt0000956	nm0000428
tt0000956	nm0005658
tt0000956	nm0311375
tt0000956	nm0376829
tt0000956	nm0587097
tt0000956	nm0784407
tt0000956	nm0813603
tt0000957	nm0511729
tt0000957	nm0596942
tt0000957	nm0888708
tt0000958	nm0038106
tt0000958	nm0000428
tt0000958	nm0005658
tt0000958	nm0214651
tt0000958	nm0492757
tt0000958	nm0250676
tt0000958	nm0376829
tt0000958	nm0502701
tt0000958	nm1352982
tt0000958	nm0102858
tt0000959	nm0870831
tt0000959	nm0185426
tt0000960	nm0656425
tt0000960	nm0424530
tt0000960	nm0853193
tt0000960	nm0005658
tt0000960	nm0456804
tt0000960	nm0784407
tt0000960	nm0492757
tt0000960	nm0601698
tt0000960	nm0288616
tt0000960	nm0000428
tt0000961	nm0424530
tt0000961	nm0555522
tt0000961	nm0250676
tt0000961	nm0940604
tt0000961	nm0005658
tt0000961	nm0366008
tt0000961	nm0456804
tt0000961	nm0534221
tt0000961	nm0288616
tt0000961	nm0000428
tt0000962	nm0674185
tt0000962	nm0000428
tt0000962	nm0005658
tt0000962	nm0784407
tt0000962	nm0704334
tt0000962	nm0456804
tt0000962	nm0681933
tt0000963	nm0878035
tt0000963	nm0001908
tt0000964	nm0366511
tt0000964	nm0262757
tt0000964	nm0704334
tt0000964	nm0005658
tt0000964	nm0000428
tt0000964	nm0555522
tt0000964	nm0115524
tt0000964	nm0922044
tt0000964	nm0681933
tt0000964	nm0076202
tt0000965	nm0878035
tt0000965	nm0001908
tt0000966	nm0000636
tt0000966	nm0612348
tt0000966	nm0085865
tt0000966	nm0448682
tt0000966	nm0182557
tt0000966	nm0182537
tt0000966	nm0152323
tt0000966	nm0010017
tt0000966	nm0330352
tt0000966	nm0007221
tt0000967	nm0163559
tt0000967	nm0173994
tt0000967	nm0601698
tt0000967	nm0125164
tt0000967	nm0642722
tt0000967	nm0000428
tt0000967	nm0502701
tt0000967	nm0424530
tt0000967	nm0005658
tt0000967	nm0038106
tt0000968	nm0294276
tt0000969	nm0531584
tt0000969	nm0401076
tt0000969	nm0085865
tt0000969	nm0007221
tt0000969	nm0623817
tt0000969	nm0710362
tt0000970	nm0304098
tt0000970	nm0307872
tt0000970	nm1779686
tt0000970	nm1779176
tt0000970	nm0045867
tt0000970	nm0195544
tt0000970	nm1333629
tt0000970	nm0674600
tt0000970	nm0275421
tt0000970	nm0817414
tt0000971	nm0084690
tt0000971	nm0077702
tt0000971	nm0767008
tt0000971	nm0024344
tt0000971	nm0532622
tt0000972	nm0424530
tt0000972	nm0115524
tt0000972	nm0456804
tt0000972	nm0642722
tt0000972	nm0601698
tt0000972	nm0629589
tt0000972	nm0005658
tt0000972	nm0000428
tt0000972	nm0940604
tt0000972	nm0681933
tt0000974	nm0005658
tt0000974	nm0940604
tt0000974	nm0492757
tt0000974	nm0000428
tt0000974	nm0038106
tt0000974	nm0173994
tt0000974	nm0277411
tt0000974	nm1972946
tt0000974	nm0366008
tt0000974	nm0376829
tt0000975	nm0642722
tt0000975	nm0555522
tt0000975	nm0005658
tt0000975	nm0173994
tt0000975	nm0424530
tt0000975	nm0492757
tt0000975	nm0784407
tt0000975	nm0601698
tt0000975	nm0000428
tt0000975	nm0125164
tt0000976	nm0784407
tt0000976	nm0005658
tt0000976	nm0000428
tt0000976	nm0076202
tt0000976	nm0642722
tt0000976	nm0492757
tt0000976	nm0173994
tt0000977	nm1902148
tt0000977	nm0667386
tt0000977	nm0092290
tt0000978	nm0488932
tt0000979	nm0037789
tt0000979	nm0612348
tt0000979	nm0680383
tt0000979	nm0085865
tt0000979	nm0401967
tt0000979	nm0012317
tt0000980	nm0294276
tt0000981	nm0555522
tt0000981	nm0364516
tt0000981	nm0681933
tt0000981	nm0043018
tt0000981	nm0455237
tt0000981	nm0005658
tt0000981	nm0940604
tt0000981	nm0560943
tt0000981	nm0000428
tt0000981	nm0697944
tt0000982	nm0294276
tt0000983	nm0697944
tt0000983	nm0000428
tt0000983	nm0784407
tt0000983	nm0502701
tt0000983	nm0005658
tt0000983	nm0424530
tt0000984	nm0023107
tt0000985	nm0424530
tt0000985	nm0502701
tt0000985	nm0587097
tt0000985	nm0409390
tt0000985	nm0492757
tt0000985	nm0376829
tt0000985	nm0642722
tt0000985	nm0366008
tt0000985	nm0173994
tt0000985	nm0000428
tt0000986	nm0005658
tt0000986	nm0492757
tt0000986	nm0262757
tt0000986	nm0456804
tt0000986	nm0424530
tt0000986	nm0000428
tt0000986	nm0288616
tt0000986	nm0366511
tt0000986	nm0940604
tt0000986	nm0502701
tt0000987	nm0022607
tt0000987	nm0079813
tt0000987	nm2931813
tt0000987	nm2932070
tt0000987	nm0711337
tt0000987	nm0333175
tt0000987	nm1069398
tt0000987	nm0834325
tt0000987	nm0618000
tt0000988	nm0814379
tt0000988	nm0333175
tt0000989	nm0005658
tt0000989	nm0456804
tt0000989	nm0681933
tt0000989	nm0784407
tt0000989	nm0000428
tt0000989	nm0704334
tt0000990	nm0002042
tt0000990	nm0832458
tt0000990	nm0401967
tt0000990	nm0652898
tt0000990	nm0612348
tt0000990	nm0085865
tt0000991	nm0091767
tt0000991	nm0909639
tt0000991	nm0366609
tt0000991	nm0098376
tt0000991	nm0783152
tt0000992	nm0119164
tt0000993	nm0376829
tt0000993	nm0555522
tt0000993	nm0409390
tt0000993	nm0005658
tt0000993	nm0226992
tt0000993	nm0000428
tt0000993	nm0043018
tt0000993	nm0366008
tt0000993	nm0697944
tt0000993	nm0173994
tt0000994	nm0294276
tt0000995	nm0502701
tt0000995	nm0424530
tt0000995	nm0038106
tt0000995	nm0555522
tt0000995	nm0492757
tt0000995	nm0409390
tt0000995	nm0115524
tt0000995	nm0813603
tt0000995	nm0853193
tt0000995	nm0000428
tt0000996	nm0294276
tt0000997	nm0000428
tt0000997	nm0940604
tt0000997	nm0214651
tt0000997	nm0366511
tt0000997	nm0115524
tt0000997	nm0629589
tt0000997	nm0354803
tt0000997	nm0035187
tt0000997	nm0732651
tt0000997	nm0005658
tt0000998	nm0000636
tt0000998	nm0679086
tt0000998	nm0094801
tt0000998	nm0232370
tt0000998	nm0503227
tt0000998	nm0304862
tt0000998	nm0266080
tt0000998	nm0626131
tt0000999	nm0526168
tt0000999	nm0421945
tt0000999	nm0488932
tt0000999	nm0333175
tt0000999	nm0937628
tt0000999	nm0684773
tt0000999	nm0814379
tt0000999	nm0119164
tt0001000	nm0038106
tt0001000	nm0376829
tt0001000	nm0102858
tt0001000	nm0424530
tt0001000	nm0173994
tt0001000	nm0555522
tt0001000	nm0492757
tt0001000	nm0005658
tt0001000	nm0043018
tt0001000	nm0000428
tt0001001	nm0115203
tt0001001	nm0732651
tt0001001	nm0940604
tt0001001	nm0005658
tt0001001	nm0555522
tt0001001	nm0629589
tt0001001	nm0424530
tt0001001	nm0502701
tt0001001	nm0000428
tt0001002	nm0697944
tt0001002	nm0492757
tt0001002	nm0784407
tt0001002	nm0931031
tt0001002	nm0234862
tt0001002	nm0502701
tt0001002	nm0000428
tt0001002	nm0038106
tt0001002	nm0005658
tt0001002	nm0555522
tt0001003	nm0005717
tt0001004	nm0674600
tt0001004	nm0275421
tt0001004	nm0264710
tt0001004	nm0677609
tt0001004	nm0547329
tt0001004	nm0547928
tt0001004	nm0304098
tt0001005	nm0502701
tt0001005	nm0038106
tt0001005	nm0000428
tt0001005	nm0366008
tt0001005	nm0910400
tt0001005	nm0681927
tt0001005	nm0555522
tt0001005	nm0424530
tt0001005	nm0642722
tt0001005	nm0704334
tt0001006	nm0005717
tt0001007	nm0185426
tt0001007	nm0870831
tt0001008	nm0814825
tt0001008	nm0644728
tt0001008	nm0874364
tt0001008	nm0819384
tt0001008	nm0878494
tt0001008	nm0205986
tt0001009	nm0401368
tt0001009	nm0659947
tt0001009	nm0085865
tt0001010	nm0185426
tt0001010	nm0870831
tt0001011	nm0587097
tt0001011	nm0005658
tt0001011	nm0000428
tt0001011	nm0424530
tt0001011	nm0601698
tt0001011	nm0813603
tt0001011	nm0502701
tt0001011	nm0492757
tt0001011	nm0784407
tt0001012	nm0639631
tt0001012	nm0161366
tt0001012	nm0001908
tt0001012	nm0808828
tt0001012	nm1400009
tt0001013	nm0115524
tt0001013	nm0940604
tt0001013	nm0005658
tt0001013	nm0185803
tt0001013	nm0424530
tt0001013	nm0656425
tt0001013	nm0354803
tt0001013	nm0262757
tt0001013	nm0000428
tt0001013	nm0366511
tt0001014	nm0000428
tt0001014	nm0642722
tt0001014	nm0041858
tt0001014	nm0555522
tt0001014	nm0005658
tt0001014	nm0813603
tt0001014	nm0456804
tt0001014	nm0704334
tt0001014	nm0424530
tt0001014	nm0681933
tt0001015	nm0115524
tt0001015	nm0601698
tt0001015	nm0005658
tt0001015	nm0502701
tt0001015	nm0681933
tt0001015	nm0629589
tt0001015	nm0000428
tt0001015	nm0262757
tt0001015	nm0456804
tt0001015	nm0038106
tt0001016	nm0424530
tt0001016	nm0492757
tt0001016	nm0502701
tt0001016	nm0601698
tt0001016	nm0000428
tt0001016	nm0866243
tt0001016	nm0940604
tt0001016	nm0005658
tt0001016	nm0555522
tt0001016	nm0784407
tt0001017	nm0772797
tt0001017	nm0711337
tt0001017	nm0088881
tt0001017	nm5227669
tt0001017	nm0583207
tt0001017	nm0584273
tt0001017	nm0333175
tt0001017	nm0927689
tt0001018	nm0612348
tt0001018	nm0401967
tt0001018	nm0949648
tt0001018	nm0949403
tt0001018	nm0085865
tt0001018	nm0120272
tt0001018	nm0007221
tt0001018	nm0448682
tt0001019	nm0001908
tt0001020	nm0587097
tt0001020	nm0492757
tt0001020	nm0949133
tt0001020	nm0424530
tt0001020	nm0000428
tt0001020	nm0173994
tt0001020	nm0456804
tt0001020	nm0102858
tt0001020	nm0555522
tt0001020	nm0376829
